feature_1,feature_2,feature_3,feature_4,feature_5,feature_6,feature_7,TARGET
-0.685563676189871,-0.8626832428041079,-0.6424242685100457,0.7287375396339374,-1.5754650538168185,1.1640967350018516,0.7061334748057277,2
-0.29355209082359224,1.2575404327793822,-0.6194733436615603,0.08093866787833388,-0.6697871270883279,-0.0075913966462798355,-0.03398240282731164,2
-1.0845261323167024,-0.6832051068386725,0.21523669457319286,-0.36681659175390613,0.5318285677964374,-0.5073452439663038,-0.8751076638457833,2
-0.3654405091255093,-1.4594647198635575,-1.2056628067608075,0.22705756311708378,-1.369435334414078,0.09278729103257621,-0.346613765573891,2
-0.775779523189509,2.002410271244543,-0.12214787196714132,0.4654045689446916,-0.7994032136732102,0.8498447739432762,1.2251908504658664,1
-0.15573052198434023,-1.451632766942867,1.3963666657193392,0.4028306215494855,0.6546161416036022,1.1168016906124671,-0.8541019030485265,2
-2.249939491496394,-0.9362132360059638,2.3128718545610694,0.8596023442719731,0.5999041464022947,2.342524546597587,0.6980119138752295,1
0.14615910834997803,0.23720605648307436,-0.9206612916616723,0.837791509850659,-1.8568822221617458,1.2161627336552658,-0.30378128725725506,2
-0.43491420679475734,-0.8243309038128526,-0.590817706485581,-0.8741626148780622,0.5762350379760638,-1.6817677519635308,-0.2167167062955557,0
-0.10498628032990764,0.2801479207129053,0.7541518887806785,-0.3134024911551561,1.039411817734114,-0.3364059043383998,0.05748137882787817,0
-0.2007245908142269,0.3781691675398209,-2.270607454828283,-0.2667170432189748,-1.6214165556559899,-1.093122241321797,-0.330127015853692,0
1.4151175981772963,-0.2764216513340301,-2.6218459998765447,-0.636755002583189,-1.2517389590890504,-1.9704284678049542,1.0546784305808312,2
1.2142924322236301,0.7568351961886067,-1.805216153123778,-0.1579619915671371,-1.1971381035818034,-0.8778383585802518,0.34559253638387655,0
1.5921962462196417,-0.44493223410842814,-2.1108105297983912,0.0020744154002263846,-1.621597478244269,-0.7084973869173692,1.199737507125542,0
-0.692483745923139,0.8751350139691444,0.9095526422714566,-0.038674603139825056,0.7469724234150308,0.23881243178881084,0.27966213824934777,0
1.3695081273781669,0.7118183051602385,0.27676238727003816,-0.18263485113535763,0.6352058331945303,-0.3505585779319046,-0.6455942627866985,0
1.5392127616075806,-1.3993961770266825,1.3063361084217997,0.4363631424452819,0.7340241442875555,1.021943131267124,1.887372682091233,2
1.9196503627420067,0.027574007906951543,2.4883500639093765,0.8499211696029149,1.2545081056471101,2.0569165655887645,-1.81178162623658,2
0.1906048885725078,-1.5586157985407179,-0.3798341689680787,-0.17327815598166155,-0.0779975284689447,-0.42799335366185065,0.8300184672272682,0
-0.7895553283831442,-0.47472217896636704,-0.4718499851281107,0.5085553893499553,-1.156291994321885,0.8294843019710769,-0.6169204571127128,1
-1.5888610281264075,0.06200301676472874,0.15269515653943028,0.7860391650526318,-1.075729934632424,1.5570534142692831,1.343520246342989,1
0.8039673038833016,-2.700971790638199,-0.10759943003829202,0.3865023624131544,-0.4983130476876354,0.5937399744733887,-0.5481295257577148,1
-0.6861533184073239,0.4024099876135756,-1.62616986211088,0.04930119160959123,-1.5367572140501056,-0.31558615339356977,1.502397450998509,1
-1.3822152720815488,-1.6433735603937127,-0.0037181134137892146,-0.14582351724102388,0.0228101965630646,-0.15424569176079217,0.21153449122014306,2
2.0430152955569953,1.1655767183401895,3.2650917082026987,1.5577856893278055,1.0162465470908622,3.5196894695489354,-0.13082075078011746,2
-0.21502503747167007,1.6644600255308146,0.35125295839514525,0.48297885144554,-0.35083538189515834,0.9708122007520472,0.5597106395068002,1
-0.919127584946603,0.3254517492743146,0.2015636833880028,-0.3989148647369841,0.5812475121834558,-0.5806660794327337,0.06483634859470205,0
-1.7226031004004163,2.2176332444962883,0.6236147237727568,0.727620757808349,-0.6126952971305357,1.5955208206840508,1.478930263228635,1
-2.052418470543901,0.07664617032468887,0.005589233581052041,-0.9035054599050225,0.9339584101082731,-1.4436242661436112,-1.1175563046492727,2
-0.123286486370905,-0.5245788941464782,0.4915759495521236,0.15921309542567488,0.19981644542616162,0.42921644444257656,-0.1244727450410673,2
-0.6805509437499749,-0.39137124536423545,-0.33935306363409035,-0.6559300723045596,0.4795864746627453,-1.2058352200327427,0.07162975181403979,0
-1.2632048890835885,1.8022862096407277,-1.8107136364432357,0.19390099565640403,-1.9502416754374399,-0.06698709228675992,-0.8998195035290595,1
1.9690614588259792,0.06166450867308638,-1.1379389869155934,-0.03953308188489216,-0.6904828020315524,-0.5386035765731434,-0.3204497555819868,0
-0.5182631969359137,0.1276826321630242,0.7773882433232879,-0.19857862597968617,0.8616947597272173,-0.09489327070804232,-1.3427956906329046,0
2.5716570685007243,-0.2712186362502093,-0.5892100411505071,0.10188810559454424,-0.33305504793717283,-0.1802104857817306,-1.6620306948086998,0
2.3298070402263047,-1.5334022754551424,-1.3091528800390992,-0.06519548033922516,-0.7612091376174555,-0.6594973389282651,-1.9728484957751322,0
-0.2746699045226827,1.302035368547272,-0.6777374890031709,-0.8831788892266232,0.5324281813127827,-1.7342869458324814,1.8395237763969718,0
1.2773598840625815,0.16615167825817503,-0.1262934911608759,0.45999228404862813,-0.5537420838496225,0.6827159314192179,-0.38065098883830684,1
0.9573582912631011,-1.5266072154088095,-2.074336185128867,0.19713293921434152,-1.9181337319446115,-0.30418399410491115,0.0890119515340045,2
-2.696782348899073,-0.24838766031876258,-0.8024216230761172,-1.2646672802370278,0.6345401834848491,-2.2609216069511495,-0.3973339558614509,2
-0.6096017572390262,-0.9321660939248128,1.3055358020831302,1.1734694282844285,-0.4757067636966589,2.491938716577861,0.3004396507943267,1
-0.6244827169965905,-0.4872785048407999,-1.2451458212819946,-1.2685184293990062,0.5050406640222529,-2.5495196071301502,0.4265550011865361,0
-2.7074293517057217,-0.7358246824549546,-0.33152773956638903,-0.5174497985426173,0.06766665852223408,-0.8038067151944849,1.4962782291636054,2
1.7891439181643916,1.4421738364743821,-0.5059461872015294,-0.08253521124658891,-0.11501137211408152,-0.42420181217231684,0.5860743155952336,0
0.9172622232976728,-1.0103024940931298,-1.1276393023372597,-0.22026010506646243,-0.5714494968087496,-0.775959017571823,-0.19791210062451628,0
-3.790870162151821,-1.3587755028997357,1.3610146673464079,-0.3380540504529456,1.156012144610934,0.07051567029337902,0.7191748044821729,2
-1.228569687851748,-1.5083566637438066,-1.271270634773672,-0.036526435570931555,-1.1857045843254403,-0.327055896212942,-2.4776140525377834,2
-2.302414060219725,-0.6818309552196,2.215278245778476,1.1345622782436153,0.15372846554412944,2.8065808365047413,-1.0627641310056266,1
-0.5301860599479857,-0.9594576287710481,0.7881221160441325,-0.07754748554180074,0.7125740376983536,0.12355346438729564,0.9809404220101728,2
1.2885925868585995,0.5133602807839527,-1.7687134916168197,-0.06313453775657096,-1.2800613918510046,-0.7051922462839244,0.09814720193469835,0
0.38438273839303494,0.6721746145101128,-0.6130150781206897,-0.9223285973361258,0.7163228281499506,-1.8357590866886575,0.327231088355212,0
-1.4707558469884532,-1.7426018099655833,2.4442107362890257,0.753486961238626,0.9418021140139831,2.1318515795149464,-1.6758119973999737,0
-1.0637419646985173,2.2019507687559825,0.09669720221209627,0.640044220281474,-0.872452252239282,1.2425987791647644,-0.9097608404093259,1
-1.310010577084032,-0.9211886114405864,0.8978217457245922,-0.3898653329362891,1.1193616705307299,-0.33994160162441567,-0.050711656570620704,2
-1.1841323630002378,0.6019606823397787,1.0497055852851718,0.9975159637879795,-0.5343533168263466,2.1521928659660787,0.37441985598201444,1
0.7755675170533427,-1.3966867185560103,-2.0483686007403477,-0.5750191915526824,-0.9163522684882729,-1.6517470979705282,1.2480357660025272,2
-1.348758850395602,-0.4629623575238868,-1.199985444512857,-0.008662255885893269,-1.1749889698831226,-0.24855538869049065,-0.41825980522046174,2
-0.19477308016773787,1.6495382162769319,-1.0593084750303459,0.18553475718730142,-1.1702032966244535,0.04715824618182729,-0.5225968215667786,2
1.8544590335851596,0.5622094299587692,-1.4681565001639163,-0.020126089678054696,-1.011806756500452,-0.5879172655613705,1.0067225781935212,0
-0.8771662086754761,-0.1342364420850724,-1.1816414110249065,-0.11071749744389987,-0.971355460365469,-0.4602363976390229,-0.19198871479096816,1
-2.1464697960888195,-0.15566318080709365,0.3601083813668877,1.0426589715758297,-1.296649148578517,2.1124583632366187,1.4959276339381649,1
2.158866992410143,-0.08745591727324112,-0.868347952985545,-0.003644565118329585,-0.48386410158198884,-0.4139755343983815,0.19750610452099612,0
0.7234718582817186,-1.1327968196089777,-2.032864498882981,-0.18853077007348853,-1.410261197961729,-0.9583689039502479,-1.0850639428317757,1
1.3909652758289426,-0.1120903252486986,-0.4645980406190038,0.45908488075693854,-0.8287330358012537,0.5777488879937152,-0.11225204788699931,1
-0.3907962424204267,0.5772700597068169,-0.1622965515042076,-0.34051770980278406,0.2564234900039546,-0.619254029427098,-0.503288004965227,2
1.261627515931918,-0.7407413969036527,1.5162106001018267,0.7490750724020996,0.47552740001211047,1.6561355630290673,0.6278158996006187,2
-0.23107095820905388,0.8316920530510334,-0.20407837890524388,0.38527552182926356,-0.7013983675440129,0.6433891008364397,0.01595133134673039,1
-1.0083123912923124,-1.464789023351458,-0.20543935825892212,-0.7404239127429799,0.6650808360412407,-1.2931530447053994,-0.5888125995059574,2
-0.15625364454892632,-0.2244962077093182,-1.551766174145405,-0.31389705448669564,-0.9397225228629181,-0.9789036161898572,-0.4960819604913805,1
-0.3946789609909507,0.6947440349991604,-0.009612259307874635,-0.7338665239123892,0.8965819237000914,-1.2734459158921168,0.2045365314231651,2
1.0383380296394713,-0.7335665090855985,0.10368640914299379,0.6048730534701473,-0.5729085398666808,1.0221104442877353,0.9717890839089377,1
2.2578741645410823,-1.092354339764457,-2.8627763831495114,-0.17487291755285805,-1.957320088583188,-1.2833535626857338,1.4759054448246418,2
-0.6298201528617979,0.6384750802797624,-1.6161380051962544,-0.13624727697516023,-1.2809848315463848,-0.6459623235262779,-0.24922092458532155,2
-0.5844854175529497,1.2528512818280082,0.9895919234018324,0.003243474531733399,0.7738794201186829,0.32729521529370764,0.2785851712022556,0
-1.1498279136731844,0.827243323414653,0.824016543086286,-0.015295705397883485,0.5895014083384915,0.2911405016027141,-0.5059245682018192,0
-1.1426520999968248,2.040849970708449,0.7180341161047141,-0.13872293483529735,0.659641326520404,0.04214395854248831,-0.814035099745125,0
0.41150103221537065,-0.15082642194998191,-0.46176586770804096,0.4227469249514605,-0.8947411407855201,0.5887305360247396,-0.31530089973992653,1
0.2776677967480685,-0.1848383586841953,-1.6125064554608013,-0.015191376869587523,-1.327760942246481,-0.4994857050365793,0.5755060522148766,2
-0.7436678378937394,0.39371531591617304,-0.678625340684029,0.18141507717757438,-0.9037695862016546,0.1882313857401282,0.47625388933114177,2
2.851323000673333,-0.2782954753487162,0.2635092205474999,0.021257572822961583,0.5343391231146579,-0.10571970360784633,-2.734337159898221,0
1.1484704516311042,-0.8556983450168536,1.4508234960320194,0.6579824318442449,0.5243019601429908,1.4849830823438346,0.16988092916770656,2
-0.3950250663824011,-0.906193785053264,-0.42138010559326,-0.7503506057330281,0.5654620252759328,-1.4179099737353982,0.27714762218618394,2
0.4020892564586061,-0.8415675652398082,-0.9115549532608704,-0.2375348672228989,-0.4248706653647928,-0.7068505885791427,-1.550251125158446,0
1.5758021198875625,-0.34458515754274877,-1.1530656223640126,-0.15970829477427936,-0.5940278758896946,-0.7259026721914213,0.33225720022170574,0
1.2898133214562635,-0.9291339457304576,1.4886158658754851,0.40318278268671254,0.9036391715025401,1.033152425308553,0.40345007451758136,2
0.09518960328899317,-2.4362249994948724,-1.1661247851972876,-0.1538463944517508,-0.787461514730943,-0.6063990076528848,1.0646300974568743,0
0.900043514009651,-0.5834722215434053,-1.4387411454533556,-0.09163222687900488,-1.0065152674126732,-0.6337390111596748,-0.48748289570156594,0
-1.0323177573545304,-0.43569982113548544,-0.14602342145534955,-0.8122337021125474,0.8061980560937383,-1.4019780829777606,-0.2563835327050533,2
0.8661702112643673,-0.5757781139071119,-0.09250916595616177,0.31214859612389073,-0.38166866927537074,0.4614310006085978,-3.0974920273607722,1
-1.5438310810810232,0.2046138817739495,-0.5952133030268225,-0.2567128419131397,-0.3587846473245158,-0.5040783038820714,0.27516199758186993,2
-0.9983051395472042,-0.3935410135018061,1.1288633764541605,-0.23453974464162686,1.1525286762333211,-0.023681344485069866,0.13716574205308113,2
-1.23598248696362,0.6637535583508516,-0.1346477840763513,-0.4783623139524524,0.35908740399679495,-0.7914778908503737,-2.880898655819907,2
0.11275361455239108,-1.1244514879879568,0.7346228233794646,-0.48612982716198283,1.272300734828688,-0.6646246875776594,-0.6155187999051744,0
0.4074133631673682,1.5296097140548206,-1.1628763406279938,-0.08844998087565684,-0.8326287072625825,-0.5133513288166716,-0.5600862654469999,1
-0.9963148297476214,-2.178286016295645,-0.4139868650777964,-0.5997857680149571,0.305672042849702,-1.1031600821618472,-1.071095273686914,0
-0.8154674570299834,-1.5406139396177738,2.6815538444981377,1.1211644291654006,0.7456048545707537,2.8001116983632475,-1.5902061027131267,1
-2.13094482833493,-0.5488191598816996,0.8715254799853347,0.0997083485601037,0.3653428875253489,0.5830162833046846,-0.0891589233254431,0
-0.8811665670611253,-0.24600133184278486,1.3168818217937706,-0.1405452648475516,1.205426999523652,0.18664133984498488,0.8151465765233246,2
-0.920515850434279,0.32396758311814877,-1.076831454735712,-0.22060471485468472,-0.7443029215536349,-0.6223745150536688,-1.4400720279590271,2
-0.8505890656718664,1.996017773133862,0.024309787717117528,0.9664902566066622,-1.3324642257071617,1.7847418903851864,-0.4237195985563811,1
-1.5106757461189204,0.22193320723340967,-0.35158822771694004,-0.5680943125657558,0.2573222809101781,-0.9903416735336613,0.3062980905347526,0
0.46054485508511656,0.5505588876590451,-0.7451346489333285,-0.22985933169677528,-0.28547966143218634,-0.6511093017663476,1.3596321705441476,0
2.2709017654902897,0.36131336845829287,-0.7146451769079933,0.7322152932762411,-1.293038653012418,0.9248680449265412,1.6221931322719436,1
2.3317651974914186,0.3627229573194435,-1.4811714557626532,1.20422851537646,-2.553866135923099,1.5423158679363564,0.5229950027542893,1
-1.393426277285255,1.781582439980083,-0.09396105206258039,-0.32747955977442644,0.17973963869432263,-0.5006491595951535,0.06821028797332607,2
-1.241990876550959,1.6762149117501062,1.325828232322983,0.7461190772677173,0.021070823900065205,1.788284607239883,-0.07481218296575112,2
-0.032153793146868836,0.647716626194205,-0.545889829702103,0.5145250198268985,-1.1380596786611175,0.761652302945104,0.4301150331257946,1
-2.350548528852146,-2.172673875305056,0.8847640466557093,1.033799983832428,-0.8601643313572463,2.2591724794538672,0.9047372231807377,1
0.42447153854332026,-1.579272907309287,0.1375072839305206,0.3920155450262911,-0.340429742536384,0.7010321075542226,0.22946204568575662,1
-0.7624945098043776,1.1592876587363106,-1.5405905672867852,-0.28243673478738013,-1.0424548705758012,-0.8738365200643414,-1.5861745096828794,2
-0.42148750990599604,-1.2697692130504148,-0.7767995334623542,-1.325793664411998,1.004113073071847,-2.535393410015674,0.8780941123019298,2
-1.010316944203116,1.0951581558152232,3.1139892126705355,1.451501041207263,0.6645183977174471,3.52154767533174,2.0603029173115788,1
1.5247273598437832,2.04935722785993,-0.6792157044958984,-0.09602832473838342,-0.2770187675386265,-0.476485682459451,-1.1572624976203412,0
2.4276624381569434,-1.0206505913921031,0.9661276945863766,0.7162615214897485,0.1847762778419093,1.3551704274803136,0.016386716305800148,2
0.6929509166031961,0.591019831761763,0.7687768934470529,-0.11450493599447018,0.8882105532072568,-0.04052970904311137,0.007662909507982461,2
-1.6738595984941809,-0.8287918868654698,0.7157526268463511,0.014691557812039447,0.3961432007025403,0.35389890614776226,-0.7873710977942079,1
0.2504660130767994,-0.06880506536128718,1.3582719911381853,-0.14710144477114415,1.382843833454272,0.10041771303741565,0.7700454411200415,0
1.1074073140850829,0.009487969701639763,-0.6568387182918185,-0.1050421111630216,-0.29540821210789925,-0.45441413720784124,1.3669196015313485,0
-1.7058699128965016,-0.40219229784911303,1.1311032813966087,0.955327284585867,-0.47153477768016505,2.1399355140417047,-0.4813485566838145,0
0.133996204317548,-1.0695665976620805,-1.8629326555357741,-0.1478003378525967,-1.3871475925937684,-0.793704260473815,-1.6834387484320141,2
0.2882299562030566,0.2689303521008108,-0.42090303165621507,0.6232052971846281,-1.1341757024163988,0.9648811165909534,-0.050370558877267234,1
-0.49324336561024906,0.2969549674285193,-1.032550268388509,0.5997319384984914,-1.7194632812658879,0.8115669275292541,-0.7421054326693542,1
-1.1616742665643986,0.1037813575483728,0.41732720704856224,0.5007111744604489,-0.428936512029493,1.0928409992933643,0.4920169646074887,1
0.27118509395363644,-1.5019657552296566,0.3017047141776651,0.15843004514822595,0.08484595837191222,0.3446308840071647,0.6433582411792236,1
0.4832997699635059,-0.2993805332038245,1.7765104772724796,0.7082559103026669,0.659432104838736,1.7159310419365592,0.07504569422291513,2
2.756901408813288,1.52497094719976,-0.13278857042736966,0.5637853705717685,-0.5193260995995171,0.7521887317420635,-0.0678001115169576,1
1.4720061199001564,-0.22655882178254724,1.598412423316853,0.5590888422752026,0.8169975246631194,1.3263640444889109,-0.9613760402096037,2
-0.6944647106845807,1.1182247193288841,0.369195549115311,0.08940989505734363,0.1181797838331341,0.3147302873444905,-0.13161945440364153,1
2.5279433759594605,-0.21050659768435176,-0.5703758991026786,0.6764530079826406,-1.066942679414575,0.8468365317295448,-0.7239414660683162,0
-0.11373460178988037,-0.341711822476569,-1.7895410906567282,-0.8710100091592935,-0.4160002956106567,-2.0362161444035434,0.26360970281731727,2
-0.65668929550202,-1.874637715202563,-0.6390566111608907,-0.8262395592375937,0.4466580255522927,-1.593434659040791,0.47311465696875293,2
-1.2234610806262922,-0.2222924262352513,-0.7639172825471843,0.4690879905619627,-1.406304094373053,0.7108120210052826,-0.7859467376336259,1
-0.3925115721271397,0.14038592913406292,1.0188389801936124,-0.316915112019507,1.236604640621033,-0.24663588443546758,-0.9310793021989622,2
-1.0956647537404673,0.7487478130377135,0.4847004835637264,0.9083030958715522,-0.8918746308138601,1.829151291857458,-1.1405717952543708,1
-0.18444886601893773,0.589447019100373,-0.8977052549023445,-0.252522430780385,-0.46277606297406104,-0.6848667381763134,1.3525213148778459,0
0.00882415570721029,-1.324533111508765,-1.8859497672447982,-0.11661958176890383,-1.4620364269497612,-0.7353447157497155,0.22782978287316263,1
-0.9070083066336839,-0.19266067403825568,-1.2260112758077892,-0.3141213325742702,-0.7491658709146222,-0.8309280567808439,-0.3252162652857616,2
0.2804115705986634,-1.4740166484944546,0.6572470618576869,0.10112691895907264,0.46454368557471826,0.34188711058080146,0.22602347528601205,1
-0.7495843974480507,-0.5518186825467934,-2.249702659442241,-0.9323212900314368,-0.805394951556542,-2.225283817789235,0.19871441316206906,2
0.4012266040018577,0.6080375462741398,0.5323286534329438,0.2189635985615068,0.21911202648666084,0.5065867736242926,0.27771364346509164,1
0.9441448484531766,0.0837531156011246,2.201536506532281,0.7574221646516756,1.0138533884829584,1.8869641075418484,0.4731387755068772,2
0.017260452575400986,0.8852375581937392,-2.0094360859570757,-0.4555074683183418,-1.1274121495725469,-1.3712521857517745,-1.4914352043283612,2
-1.0442242698507953,-0.6593529273370831,-0.3106372315337127,-0.6082479418195204,0.39945178949044885,-1.0855787343433276,1.2437952407708575,0
0.48227119672581775,-0.18442582053898535,-1.3654816549372035,0.06966074824698257,-1.2021872262953013,-0.29551153057965907,0.7160289473829825,2
1.823910423829855,0.3733049038025585,1.8468668967491646,0.4387202674079445,1.2272140399839073,1.1557554669144803,-1.1898668863824013,2
-0.7222723019389351,-0.5566975374566979,0.7315345088790643,0.33175429739208584,0.11087061294371958,0.8478501174592792,-2.1091555761572245,2
-0.18985875714624534,-0.8188268397787244,-0.9121513764764132,-1.0342614143068207,0.5376481553113541,-2.074170383037208,-2.097098579720316,0
0.455318031316506,0.16601508629706863,-1.9540203717275137,-0.29767682059355394,-1.2329131186874613,-1.109340294235929,-0.018066508741351853,0
-0.964036377316669,0.03069402271972711,1.069733362148333,0.08233777773738823,0.695167036994225,0.5188368961375023,-2.0106481703360846,0
-0.443155367650099,-1.111471025784299,0.6099891246226224,-0.4428856631792225,1.0439847280844807,-0.5805224742264996,-0.02201120283853493,0
-0.7931034188362466,-0.33033130279439565,0.9295960007455562,-0.16378129848218378,0.91444428010996,0.030329103183358574,1.3635392085475464,0
3.0528780055151366,0.1575016954522578,1.7625091018532324,1.2563933903907198,0.23996919539117617,2.4879039864908217,-0.07648334546530394,2
0.918232627339536,0.48510343535365663,-0.5257156744280144,-0.15569202354822798,-0.1398289129574123,-0.4930784116719072,-0.3358938089762594,0
0.9099742539391852,-0.20046124287381364,-0.18521133115781438,0.6827462698267109,-0.9362827533740086,1.0890463725336783,1.4366860620778652,1
0.9528487458228121,1.2140081228410011,-2.148545597999602,-0.4646393600434371,-1.124278998001529,-1.4976395619806862,2.363170141965128,1
0.22171907607202113,0.8931719147479742,-2.112961584661286,-0.1558127063608404,-1.580422355721995,-0.8845817537272495,0.07310563586528411,0
0.3213599395698762,-1.348407432773585,-1.9008090268390077,-0.29953175314474584,-1.20076471567072,-1.087529359794968,1.002157494605297,0
0.3619985670370026,0.569133609941913,-0.958779034743623,-0.12254258638312006,-0.6190940403506459,-0.5131875962694036,0.07981738097194334,0
0.01480434495674987,-0.8152251716115101,1.2556009755007564,0.23109616225918533,0.7768782055407046,0.7599987890255466,1.6844505196339299,2
0.5341866214329971,0.5874732173953053,-1.5210913544702633,-0.24798987518833893,-0.9174612109111815,-0.9060791361664309,0.9862238181213733,1
1.4696734192443395,2.49789937655141,0.1387269955709253,-0.11981051137872993,0.44742758795042503,-0.2854702960506352,1.2920232909716762,0
-0.6832271470635095,1.0458049599115449,-0.9876017243681182,-0.16945812419514533,-0.7062416717847235,-0.5248081638234616,-1.0532435394724073,2
-0.47212215554472214,-1.8939455481743308,0.08167284095457783,0.617752476166928,-0.7866248605968176,1.1538196055744945,-0.7031488715668479,1
-1.7596896254075944,0.6974419380194105,-0.8831539889152568,-0.5702302023884772,-0.224271548563157,-1.123969971612031,0.39662526905999107,2
-1.6451204553966958,-0.9517842560129907,0.6058698480123508,0.60281582846041,-0.456949739157794,1.3634288959434118,1.6571989131065656,1
1.7771565839167358,-0.7167311561310973,-0.9420489149886787,-0.12865403389777538,-0.4299159426657627,-0.6271206778336139,0.7052451184576444,0
0.41785485533597355,0.16587924187323724,-2.580676717350088,-2.1108120543813302,0.5767917085419574,-4.495788280895981,0.7179293897678155,0
-0.7792440019045664,-0.04893604787494533,-0.9650675895175199,-0.9346978267103578,0.29375795481584166,-1.8676126737912293,1.6240192217857168,0
-0.7410226861492029,0.28561095118118235,-1.2602803813036898,-1.2264898749576676,0.42385426081664274,-2.4703825809141113,0.6012161167525616,0
-0.9666037465158979,-1.1529478110572016,-1.5757750155658092,-0.2429721956372152,-1.1478087289602363,-0.7981875648036914,-0.5521972675608666,1
-0.7048580957622561,-0.6257255636042861,-0.4122415249478952,0.19882858059785768,-0.6937573352637568,0.290714103732139,-1.5239549266184407,1
-0.6226911988923618,0.4627631869115103,1.283042583821474,0.22141708042417352,0.7377138250222779,0.7990782581536557,0.446897896916785,2
0.7415081129692194,-0.8465059041882821,-3.709403014093284,0.16637457409386489,-3.303240885773996,-0.7999904170086791,0.19937511577035752,2
0.1679391707588186,-0.6474593264828366,-4.057636503879149,-1.8511805444610412,-1.0534580951132095,-4.430008545749146,-0.710248763118776,2
2.2978825903576077,-1.2182678304123469,-0.6854989016856006,0.7530010273109393,-1.2918545837018525,0.9678161394583003,0.2696395529839734,1
0.5979791905252025,-2.0223387260230763,1.2228543558927927,0.5130599122997916,0.45211079715786784,1.206209728586928,-1.2394318530238615,2
-0.6778444142475479,1.918724294207017,0.7650769823378967,-0.14847331236502517,0.7673771700943282,0.0026287616601552433,0.21181337210200804,2
2.0346111109185374,0.5288368284126738,-3.6257290536054043,-1.4692470650187999,-0.9587034013581117,-3.774275482576381,-0.3985925488059018,1
2.1610207470591667,0.24208713793846792,-0.27050620283971133,0.6450951903319658,-0.8129037142788892,0.9031458664917158,1.7349212484673777,1
1.1860234643481948,0.3924382712411586,-1.4167803291570702,-0.09673318522261176,-0.9473704937685183,-0.6584142376420841,0.090974802154882,0
0.7684678074453213,-0.5116902173854376,-1.0951424956198026,-0.1824758653759048,-0.6101688850480799,-0.6885545621456994,1.1632646538415337,0
-3.0570406429649735,0.6990383902449686,0.4847708436409434,-0.082517585017076,0.1612928799128951,0.22227730027603465,0.285876270858322,2
0.7316935089849018,-0.1880111899677144,0.18557483146953882,-0.628195809641863,1.0595310081774245,-1.1172867267472983,-0.27819244025013545,2
-0.05012864343152479,0.09095241265528722,-0.30137993176628114,-0.8042089243001805,0.7786804034836321,-1.5060519282114337,0.23950285240222613,0
-0.5567142573302424,-0.910629334680968,-0.28502806356044935,0.23461042520219258,-0.613781540964385,0.37846855920552935,-1.1512767354792315,1
-0.19761827773777185,-2.7920832254165115,-2.26123170079208,-0.24887103686351042,-1.6361601716921912,-1.0591012102116286,-0.2820883278124974,2
1.1215841787722716,-0.1778367099726995,-0.07843212427455189,0.4029119343221187,-0.45715371197993215,0.606801063244455,-1.0374986179825634,1
-1.0105178753899162,-0.6241259181543439,0.7426011537759161,-0.11745018056329956,0.6686786249273095,0.07666451976254551,-1.024090771926449,0
-1.6990343070756762,-0.7618720446594807,-0.5538341473709296,0.2684807881842035,-1.0225229491552146,0.45025843437743185,-0.4724481528647674,2
-0.2274062826537422,0.2609586719224005,-0.8150129217717155,-0.8700204662970258,0.4034456955280945,-1.7529920608731613,-0.6344953553763074,2
-0.19972523782142215,1.4928071087670276,-0.5076209958628585,-0.9141947436955707,0.7270865676788593,-1.7473492365497272,0.8645843900176873,0
1.0225356047835983,-0.3433853771994769,-3.4512935166690797,-0.9799845003928997,-1.5630519242145002,-2.7811175591352733,-0.14131450324455622,2
-1.9449998980388201,0.42286328924973376,-1.499763765851704,0.3437942861572844,-1.9588313608654666,0.3376826037168941,-2.9257880068845874,1
-0.13402960226988203,0.08180646407032022,0.8779524016644428,-0.0999221538488632,0.8652009138628414,0.07886785372115501,1.5093896590120501,2
1.0030769928913803,0.0478138538281318,-1.670008337864542,-0.11586128971989298,-1.1609021033744,-0.7492753039272556,2.3965313825700374,0
-0.198986858054497,1.2305879565658298,-2.124933877581096,-0.187585581692579,-1.5991078058399408,-0.9122097968844289,1.1062520693754336,1
-0.3242835111754736,1.1520392912634168,-0.36434954283086607,0.2846179760068697,-0.7190864720274626,0.4272011617774377,0.06817659431580607,1
1.1789371561906499,0.3038133472411157,-1.5021131545500064,-0.12338177395957557,-0.9866996210653571,-0.7289988125538935,0.021243855712420035,0
-0.6733970285965027,0.26890101113537535,-0.6787149270391325,0.44718246707141,-1.240091333737442,0.6539402594152215,-0.9619422691722788,1
0.9447148716178257,0.21801693598461402,-1.7002845669979858,-0.148911420354189,-1.1508558921660819,-0.8118888632273343,-1.0585580262521985,0
-1.1766889235226183,1.463098766549106,1.4552554788179741,0.2499632387618357,0.7827603306899659,0.9400820976597417,-0.5185721093097728,0
-1.0217188799773576,1.119314185623858,-0.7416011073382032,-0.7269682851760928,0.18713345689631766,-1.4183759485325582,-0.8830227465892869,0
0.6250588126082081,-1.1785022491330588,-1.2722281203737964,-0.0980319069880927,-0.8881315389017469,-0.5775247366156513,-0.19690151584099438,0
-0.0731197463872918,-0.854326627561609,-0.2039267026108414,0.12076382080141841,-0.3397297101897563,0.16254113962714123,0.962412858676955,1
-2.038611709255396,-0.21563159757197364,1.1126744357702163,-0.5033509901745606,1.3644352481380106,-0.42546112278159054,1.1697582345936035,2
-0.8190019546041617,0.18453266323445547,-1.756493078563847,-0.7882442739758392,-0.5782036642550259,-1.8265423687304176,1.2812843293849305,2
-0.40866706690530397,0.8871191161231605,-2.076613866344801,-0.8451674700140733,-0.7300099809825401,-2.048309824262427,0.4437911987454777,2
2.101770814826625,0.3301544300056833,-0.5582003177740524,0.66771350096848,-1.0954637488315915,0.867212678984691,1.1233238706438362,1
0.3615191472684665,0.7158467584369533,-1.8136920072033287,-0.10995075911004938,-1.3672286733138495,-0.7301584000950931,1.5752222913765226,0
2.1935043120948903,-0.14319625896901814,0.23036754128131384,0.397115803756288,-0.058879483641266384,0.6013320208050497,1.460244629033464,2
-0.06928415328425086,0.1878556444118337,-1.151207163408838,-0.24060799631461074,-0.6816190067094673,-0.7434852823814962,1.3272090206381069,0
1.8112964742186688,-1.6640493322405303,-0.4076602396922984,0.5612279243329124,-0.8628301804646389,0.7427279106016161,-1.1035693160725155,1
1.4579157778523988,-0.6483774960350907,0.026355597185538013,-0.15236892415816108,0.39206537091699656,-0.373743805771344,0.6132262401331963,0
1.239980751750923,-0.18731350180723763,-0.18333478486238614,-0.5059531785861697,0.6452528465019112,-1.0425922712692728,-0.1764228324043021,2
-0.9558872315566864,0.9692965069190532,-0.9851614751788953,0.04796758782849093,-1.0181819953183187,-0.11796023442803305,-0.19015477017056953,1
-0.21839378317538227,-0.7776859299929251,1.2201694296525858,0.8854030165021196,-0.12918516520235457,1.9276329574270088,0.15632914274470333,1
-0.09548720924016396,0.42777903851727506,-0.8148343446517499,0.6330089042433924,-1.5293306724242681,0.9012054912991442,0.7343343624468787,1
1.4573047653306601,-1.025799390900445,-3.320004185941363,-0.5118492524302161,-2.006268861518288,-1.9476844352456053,1.0910028819633695,1
-0.8030837334056773,-0.920691696590446,0.46326913933316133,-0.2791795764487203,0.6637186129618609,-0.30400497370939944,0.5259827715326821,0
1.0933369730876352,1.0275722194441383,1.7383995175084177,0.5908115067370988,0.8510249016371679,1.450623332149021,0.34471659440825003,2
-1.2526624108472502,-0.4424879832225313,-0.4815010291046952,-1.0778396001646182,0.8373819485729677,-1.949910231579407,-1.015443998246725,2
-0.9972340208152368,0.06031468689515667,-2.502389700718733,-0.16597432806538967,-2.04436682651266,-0.9187714252517232,0.5805418180464457,1
0.9387497864263363,-0.5742814693649335,0.8440029084312094,0.07350737705111203,0.7378599476783936,0.29506959647597897,-1.5291653352726147,1
-0.16847992767162312,0.5322458718133292,-1.0879815397062058,-0.013369587752002582,-0.9337893684574959,-0.3154391004195114,-1.6710093372825836,1
1.897943067504516,0.5111370880779356,2.274406973166363,1.0512782477380036,0.8077905630662798,2.355593516936849,-2.056885819081799,2
-0.8100215131942304,-0.28358452309358323,-0.5043073468713186,0.05557882113030009,-0.5992599916195042,0.019033163334403636,-0.15277574615020192,2
1.4384301208123775,-1.4815657390159604,1.655722004570772,0.3676175357646551,1.1103091352053496,1.0055722356932655,-0.1319455192365472,2
-0.18732059261003353,0.5816106203856601,-1.3237706830646736,-0.8980909887801183,0.009098044266854455,-1.9482247576277856,-0.07680506096386669,2
0.061147509569779546,-0.3944192182952353,-0.9324562850343915,-0.18484351935342036,-0.5512870301281798,-0.5933363168133761,-1.5618856657566493,0
0.8674187164673173,-1.087862682976172,1.7077114398439055,0.7092157989230654,0.6446114487590111,1.6691167464908756,-1.5749878787643876,2
-1.2179599221477184,-0.6212959215221237,-0.308676891302177,-0.3668819746105485,0.06773448813110206,-0.643964301936186,-2.275034832086977,2
1.83117642706139,1.3438602384904956,2.1081576844348735,0.9558663720061094,0.7813048047970479,2.145016037434542,-0.8656546633842772,2
-3.632152528206656,-0.9326468083043346,0.9290490086773706,1.0634199555292771,-1.0118387017480601,2.4216843773609806,-0.07534431877325727,1
-1.4210820395980124,-0.34839070460545984,0.48272701467635426,-0.48188122137018624,0.8702503293037663,-0.6107876602749451,0.20458154170104545,2
0.719224764500271,-0.5578017776293775,0.11472459987347883,0.2339699081389483,-0.1202740512412418,0.39206092233820117,-0.71827242059055,1
-0.5271928469947165,-2.1934774639187102,-1.3870329297826525,-0.2638666446547603,-0.9073357954443678,-0.8158541589311593,1.0643723775029494,0
-0.7937177492346561,-1.846552207429039,0.0005870208969110534,-0.5873559042207699,0.6683075359888352,-0.9805009868739509,0.13641934101755102,0
0.13940224003736768,-0.4351946847282163,-1.484007280943367,-0.5755079403060033,-0.5077027114586727,-1.4461716665240196,-0.1280168813427027,2
-0.049917139918946196,0.5770615348977765,0.4371146317105412,0.1929742033859079,0.11808855929008832,0.4682255512251372,1.8418617819101297,1
-0.35553599620122256,-1.2327336473705368,-0.9488789900315175,-0.19326203860428934,-0.6035832904633109,-0.5811198166389869,-0.2396246235819374,0
-0.6393168363129504,1.886855776702769,0.6356585434038272,-0.5500007701980599,1.1816779623126294,-0.7482630130880037,-0.2792183962239952,2
0.25736613253443347,0.4619831189184938,1.4808808632718269,0.5035363353880643,0.6451326575087484,1.2875038051628778,0.9240920786371458,2
-0.41568791043632836,-0.22966127623620272,0.43017549252222825,-0.49522634160418605,0.9611683283595812,-0.7257285588448706,-0.7811188205629052,0
0.8376047855498503,0.37609570667138226,0.9134900681040952,0.06105237706487305,0.8015518533654219,0.3001485134323064,-1.0805629709710882,2
1.4458477247555772,0.4884660557828556,-0.5320304094285857,0.4703200224643952,-0.8945420088641794,0.5746064640539666,-0.30460231009251926,1
0.650476534133317,0.05939114247457797,1.5096845001200034,0.36659511542604567,0.8936863445613197,1.022891242019838,0.3892939171422954,2
-2.080556747466681,-0.09515769741219297,1.2323817275677802,-0.34367513170432373,1.2549496922539398,-0.10572173041525834,0.6303978034547282,2
-0.19494037815069554,0.39568142099003684,0.857548421768386,-0.11714238179795042,0.862875033602873,0.047271374401817834,-0.8360455242239735,2
0.005740070164661493,-0.6006388850900971,0.46323280573688164,0.27036158878311345,0.04668648575532308,0.6084711176791903,-1.0580144732730556,1
-2.3465413387529086,-0.3701364066823023,-0.11133286303917185,0.5210790756204493,-1.047612065513562,1.0711932997711455,0.15287923276515758,2
0.7321714118267121,-0.5377359434047794,0.5785804411194826,0.29584295832108093,0.19807528909907757,0.6306011741293227,-0.38439034653312854,2
0.8200962438205041,-1.2503328592075897,-0.6199758620936615,-0.10753965849189201,-0.29450994666298524,-0.42663898079649554,0.39140107795343965,0
0.05291525121810847,0.21359369071968629,0.5931159870272824,0.6759917284254654,-0.3624254316739993,1.3602377613657177,0.3727889463436371,1
-0.5687417142338482,1.5381949080000352,-0.5677552449267784,0.48408348553667274,-1.180608680618933,0.7424406220988379,-0.8321151083916704,1
-1.058263768709055,0.22951906575583242,0.04150922677864039,0.12892922508538981,-0.2564465918928914,0.3207550615434208,-1.3011308210634724,1
-0.4827128887351244,1.383839613875843,-1.526019209867,-0.2694695316656975,-1.0137893259664228,-0.868081563283991,-0.4755699535273641,0
0.8840989541664206,-0.45606979263792186,-0.9422713135362899,-0.1863440745037894,-0.46066552640373637,-0.6614228282160366,-0.7448491490648483,0
1.0422187384027795,1.291624350244208,-2.458353427136855,-0.44173035019941365,-1.4086123462549416,-1.5505674996904608,-1.0584333605959708,1
1.6419442436987608,-0.16097672286416223,0.2636583447841393,0.282806469338061,0.05273996230170075,0.45004139010557687,0.13143919949617244,1
-1.3870060861389295,-1.3237693870811669,-1.1534778320751704,0.3279049536372461,-1.5760105125140613,0.3639594215851205,0.8320214084475162,1
-0.38471541568947976,0.21221754390037562,0.2342516780709953,-0.5252390594726132,0.8360306143981091,-0.8361341032208296,-1.1267104111802564,0
-0.8534025350951515,0.801483050050327,-0.6158466409213644,-0.7456484809428535,0.3388432993503232,-1.4291030424477227,-1.0338922694225914,0
0.23553628039354846,0.27026381112478814,-0.5699114060457885,0.1453880316627908,-0.648503146823379,0.08022551240831444,-0.46289518899311943,1
-1.41196560558203,-0.8404885305621446,-0.24206210053168067,-0.4858539211735037,0.2560997301607426,-0.8214235035005819,0.4661548540072711,0
-1.0661809345142423,-0.5842277205537251,-0.5543866246415741,-0.7553364053761485,0.3789087417186265,-1.4128640721644978,1.2082338152228622,0
0.8013722049049605,0.7102697510538921,-1.032804118042153,0.6596169910599682,-1.644598173758038,0.8190423732356943,-0.8730934797373967,1
1.293659854787406,0.3650244907125359,1.9319264318780192,0.7509820173192688,0.8326617663349174,1.7734527833668112,-0.38001049271804577,2
-2.5960112099360613,0.6845065141146274,0.06475646269661949,-1.1006715521180883,1.1760798575009093,-1.7351455547658654,-1.7690891644325435,2
0.12135419634855116,0.4490335976357786,-1.3645505504708613,-0.620715413922498,-0.3489780202896001,-1.4914884923698017,-0.8844600595566207,2
-0.06596760471928687,1.249605782541646,-1.746763286058668,-0.27537633887275,-1.1459153445837547,-0.97208832638324,1.4066749962592973,1
-0.17622795381316814,-0.7009559092519125,-2.4746757087449054,-1.3628798132410869,-0.3721583433059057,-3.09511902656262,-1.1103174234977624,2
-0.35428024520569645,-0.17585345405317374,-0.5832970680555584,-0.3776311424564484,-0.05150729239828389,-0.8056768245567306,1.0715499911270328,2
1.538435566127025,1.4908573713637265,-1.262049659784272,-0.12034674291042861,-0.7427468947325591,-0.6837956957216398,-0.11043280570616396,0
-0.15282679499785434,-0.5124997761343127,-1.6098247624496214,-0.26181054061945375,-1.0565366498156172,-0.9030917569162765,-0.06699638598651717,0
1.0998380844622213,1.260515297703558,-0.4479391131213976,0.6063849043250872,-1.0397722089658483,0.8656824586332239,-0.14960884808574246,1
1.526727886416479,-0.3384296162970411,-1.0157153929591893,0.8476761655332816,-1.7882019151577977,1.1019247752015162,1.0418321114496076,1
0.2862700380828331,-1.79261539782113,1.2000917735345888,0.21041210045157419,0.7882026999360074,0.6871199944553984,0.7358409382520934,2
-0.5357525996236113,-0.0792531185582834,0.15799978553673413,-0.5128200550176635,0.7368471593765599,-0.823963427959576,-0.7398356948045623,0
-0.8624223397677497,0.23123626784755286,-0.5977237016485163,0.41604441584898805,-1.1526989523544093,0.6358163060447195,-0.18206755407657668,1
-2.876254303520323,-1.0007081770824313,0.18753821720381908,0.24579796051070638,-0.497414760917105,0.7072555089081112,-1.1094073166057434,2
-1.1668191234349696,-0.29169434528888594,1.0642354995580279,0.15286077607804405,0.5751161644950649,0.6577480529461919,-0.18073329249636697,0
-0.9645909308028535,-1.005309272865843,-0.18830927190526595,0.5604318559841373,-1.0014971151785168,1.014144566254586,-0.7888736837711076,2
-0.8370094775663542,0.37952145981133995,1.1881390379821828,-0.10864134735998707,1.0590802936577977,0.20378881597298215,-2.0202854458805084,0
1.620467683911432,0.44753435708743544,0.8355936785329299,0.34478354828141794,0.45940337682851395,0.721643943197669,-1.9910967005721711,2
-0.9097093408961328,1.3478416777874949,0.18830465911530178,0.4939284459910335,-0.586450764556391,0.9975144079365164,0.25717711690969697,1
1.2093758846369518,-0.33841986787473577,-2.1983390956248474,-0.14433153015096867,-1.5518779814804553,-0.9633552632384941,0.970709595760968,0
-2.275664312184102,-1.617974329867385,0.4708829949601759,-0.5742403511445942,0.879036141075783,-0.712726330664349,1.152793491355905,2
-1.4139979454559097,0.09687964681890139,-0.0379031824814052,0.6873518874154155,-1.0903076581549351,1.3154503511738995,0.16829431355977773,1
0.4339449297558623,-0.7414301909913783,-0.09362221337279522,-0.3554567690616361,0.4318596645043197,-0.6893247218427392,-0.49420638922775156,2
-0.04411986122952993,0.9920612921410881,-0.8570915558055245,-1.06229115682055,0.638304847495572,-2.119540911471284,2.89585462137427,0
-0.7800791931617841,0.8668156033809084,0.5555324867213345,-0.24089646605772866,0.6957748938146319,-0.21206986545949114,-0.8939313409869127,0
-0.15098443368579484,-0.4112554999267682,-1.3795072112057907,-1.2334959508011947,0.4004880428518357,-2.5611174421379497,2.0478735996228363,0
2.4756683780524833,0.903927750142065,0.07200457164508849,0.09450285810831074,0.2311560916539782,-0.0008879006045733329,0.46724847083344,2
-4.20731962894043,-0.5880408150465162,1.43932648400566,-0.42891832813999314,1.29171124829301,-0.036904627268166235,1.4962745853519936,2
0.21805262075560133,2.675561994430635,-0.06620239446360533,0.3545708091871751,-0.49060025493583614,0.5933539553700476,-0.8458538361485639,1
0.7491051042554729,0.7702779122375765,1.542592241971409,0.010381161131734143,1.3952749645495333,0.39318450093291857,-0.09737589745602859,2
1.8219429402562983,-1.050607324397652,-0.717481088621569,0.8999836301473046,-1.5659170577705712,1.25564632937524,-0.6436559855797529,1
-0.5736461755220257,-1.632376890376069,0.002411112662917716,-0.7330628590781977,0.8847199633800782,-1.2550247090709337,1.1544985225202369,0
-1.537729838513035,-1.0634309494230683,0.8242982442214308,0.7846860363705164,-0.4930921655119507,1.7387712153709307,-0.15686555201043942,1
-0.48555790711205016,0.4646728343131539,0.5269151744728344,-0.20377488969656923,0.6578991058384636,-0.1767130663565496,-0.9437354904704728,2
0.17894569250210413,-1.2088117780969194,-1.3681247694682146,-0.19308878227600484,-0.8996084692992714,-0.738885782507086,-0.28072216740148553,0
-1.0942625868206737,-0.2848263648868324,0.3029565442492607,0.8001279001148416,-0.9070354715129758,1.586420576078423,-0.054496730891735096,1
-2.1426334865186893,0.689335401735683,0.3914650625595234,0.16125186030639577,-0.12672243283886642,0.5586059109108141,0.04811877454150354,2
1.51633213060336,0.8892834285945928,2.13028835611817,0.7238129138122845,1.0639360149275523,1.7638646786449155,0.3397214613726141,2
0.7313464756946617,0.4544343635869367,-0.5497356472423195,-0.1576776182755019,-0.1798600276602843,-0.4890882563205774,0.09711356492453145,0
0.9770472300998287,-0.030221704400734385,-0.5007765168224757,-0.11061099900219883,-0.16998652034080075,-0.41066802785594186,0.9482557227966838,0
-0.2102678587012079,2.6369173331085474,0.34177950934185675,-0.44935244824553483,0.8502686926041776,-0.6848061808295653,2.168846139673403,0
-0.2866787701338107,-1.1067016042062625,-2.5883853006630173,-0.14457198338315758,-2.0619006155870356,-0.9590271066986453,-1.041191080335217,0
-2.650728766570306,-1.7172496412890959,0.2933266900044226,-0.5631591819270775,0.6684497224385251,-0.7142237511137662,1.6035221684303713,2
-1.452950544032503,-0.30334615134521076,-0.03236528480441847,-0.4433847484948736,0.3756969724938547,-0.6843200263066175,1.372155178293712,0
0.24387157248779623,0.24941496357856796,0.5548619069745157,-0.012784991573375919,0.520270404997266,0.11409353869112393,0.20304495509968304,1
1.3751432484243327,-0.8204293370092816,-0.19308027498150052,-0.13722324513355932,0.17484286380187208,-0.40202261695357333,0.49789765238002526,0
2.142154797330968,-0.7723547062649653,-1.746560303799547,-0.09446250160127871,-1.1197985629595801,-0.8195314863549606,-0.28775391094720015,0
0.5517647984672899,1.0830067785294577,-0.19442201537994672,0.39162841325604364,-0.6090236759580167,0.5977294595165504,0.3415830889834358,1
0.2807291393242451,0.045230338096817244,-1.8011609371278656,-0.200080011509363,-1.2491916377326522,-0.8802557696296198,-0.0412962863884291,0
0.7677961674420768,-1.493399133253708,-1.2602423575510568,-0.16844063231824064,-0.7697586491112541,-0.709843814994526,-0.8361239288973479,0
-0.7294051957596235,0.01589085785378398,-0.6612716500852388,0.5956378606239607,-1.4242217484187707,0.926233812324414,2.144947046613385,1
-0.47831206190588316,-0.48239045496765554,-2.0407634713162635,-0.23077529090436555,-1.5040227484831523,-0.943928352581024,0.512044706915946,1
1.1614439750335106,0.37355756039735444,1.1228890734367913,0.4303978332802262,0.5401752436757772,0.9887868751383776,-0.864378403819449,2
0.5358906498491007,-1.1335344410642076,2.3610493425773402,0.9073651771597137,0.9078457265749558,2.2284943007450293,0.8486973212133369,2
1.2598979014244276,1.0166600426687442,-0.5426389210920457,0.8069888764218406,-1.3620066512470466,1.182561761144524,0.18594879316855484,1
1.9576877458281003,-1.6546177813210046,-1.1262610457100857,-0.07359397164896579,-0.637673144573402,-0.5948427903342715,0.7006976839248336,0
-1.235310439169945,0.6017422243556751,0.13703181691094918,-0.21541569899246724,0.2508305660021305,-0.24938817967013466,-0.964026960658519,0
1.8290813326495805,-0.4007279825646188,-0.5300110166803031,0.7515463298684638,-1.2121813295787258,1.0444710245737632,0.9495480953936529,1
1.0279230138098707,-0.9468381899518105,0.48212512389319806,-0.05880030759975288,0.6101537689984816,-0.047549360849444944,-0.1791947761275733,2
0.1743917592104377,-0.9397452442440771,0.018356113549752855,0.2505114742330531,-0.2884735811093736,0.4359005031718001,0.22665241207455464,1
2.0036773580536367,0.7754994666194521,1.744797264868099,1.0215720168802145,0.40545944970320646,2.14662404448665,0.9515096967354179,2
0.15548340814575556,1.827905290904052,1.1377340909946587,0.2944013125276634,0.6105187846169317,0.8284996855451117,0.8802821035305053,2
0.5996516649086345,-0.6299101921529879,-0.18584166971709234,0.3822299623290806,-0.5838466425187602,0.579824999347859,-0.8944661730235764,1
-1.920622142297266,-0.2119136300730513,-0.20366729362251781,0.14649319658865223,-0.5907983577553567,0.3489330459135891,1.42519663966645,2
1.3244925252750406,2.0384809768491854,-1.4213736636522933,-0.09662610499131788,-0.9351067916944279,-0.6700566251011647,-0.38500461318490325,0
0.5446931106112181,1.4946562462808475,-1.8379300750576624,-1.0082802403569933,-0.20179489339826467,-2.3432289924521994,0.7332172142944342,2
2.068558815896674,-0.1532811060636302,-0.14781965799881658,0.6530729719351672,-0.7291406041440015,0.9586743788621488,-0.34996218366086684,1
0.007212282951358118,1.640279539522751,0.34303173415658167,-0.6208519233850749,1.0993227403809547,-1.0050111570372453,0.002879615894618182,0
0.2615575908325002,-0.7369114103063702,1.0646364371868782,0.3314171492740793,0.5124778987889631,0.8655699269711127,0.17523469270998557,2
0.8109870990957257,-0.4867551405270683,0.3533100653502432,0.3837845549641005,-0.09945073231773593,0.7174162907876228,-1.064826294237401,1
0.5579165587421532,-0.3474341640963621,-1.4575437631339827,-0.1634528671987771,-0.9698607565716237,-0.7402506984539021,-0.482129054408875,0
0.46328310078677326,1.303131259428783,-1.4462294443755002,-0.7343589612246711,-0.23123079392825358,-1.7418354065085466,-1.1520566810127608,2
1.0620708525990192,1.336813256115659,-0.7746297948845309,-0.20406058715957176,-0.2732131774436678,-0.659451158331794,-1.2405184014083337,0
0.07976564227516691,0.7120239149181633,-1.5093761244663335,0.7722118694285819,-2.2836029665840964,0.9401696640322403,0.17964467582289115,2
-0.7736944795245957,-0.7823937752996782,0.0920898630082405,0.16169347342669535,-0.22205890273097062,0.3713171762413558,-0.26200853952265907,1
-0.16891139484141815,0.4731102656632378,-1.1348196283434193,-0.28493993962277697,-0.6218736696810295,-0.809890317919281,-0.5240560190031234,0
1.9618538015400213,-0.25433446891223593,-0.13873538490457885,0.4515365101072693,-0.4726852203129135,0.6121110147542135,-1.6826595330785508,1
0.011443563531121637,-0.12695046062335777,-1.5431604891328077,0.3469839073200991,-1.7693246111256333,0.18217772085495776,0.49145698800630894,2
2.3690293695740285,1.1906440281831263,-0.02924033222054886,-0.03596228332196302,0.3010489585285967,-0.2523646976387742,-0.9173759361353861,0
0.2843945291564218,0.7498697123409879,-1.9779528765320937,-0.4081849690411168,-1.1303003760212187,-1.2989031019466308,-1.5399230594826476,1
0.663316340233176,0.407858195011573,-0.48637173122313526,0.49174841593553204,-0.9755494124560566,0.6849717080580205,1.1696631785174592,1
-1.0756873618284035,-0.0669055498481315,1.0166439297528636,0.02085389898478451,0.7162612504606057,0.4034953714133329,-0.4285936873671737,0
-0.46220677298094726,0.04966839513467035,0.38331578998582017,-0.2981493480935421,0.6600859331887491,-0.38597469375456633,0.0698687744195123,0
2.0437149282861906,-0.7419871978635447,-0.8356877126601499,-0.08759508537737098,-0.3606610882991327,-0.5448686268644525,-0.6003038325888732,0
0.1654338446752034,-0.22007024271612036,-1.1068221261673235,-0.20045326730101193,-0.6679957949610899,-0.6777607243562804,-1.0561722845778214,0
-0.9199622962835313,0.05750147840728298,-3.253339381119926,-0.24861564568429134,-2.570885462674576,-1.2813657728709433,-0.2661639718815548,1
0.20241592036832434,-0.6864396875802532,-0.5557894278881301,0.6052158348927927,-1.2364321104217177,0.9017692966212595,-0.08785522671434247,1
-0.5933630733249309,2.2219650684132546,-1.935833148101369,-0.32114256904506,-1.3106304201457606,-1.065971658009228,0.5475284553491249,0
0.1873197848794761,0.08228106819851826,-1.54571748859418,-0.10128570269848829,-1.1696406595152984,-0.6265138691014163,-0.5135458429095667,0
-0.09559474969724813,-1.2834792188603608,1.7319159712304937,0.4043223444763263,0.9469861902387067,1.2088003831036953,-0.8960699272143537,2
-1.0549174633837213,0.6874558201516746,0.10077535057628753,-0.4036680057170116,0.4851224924143304,-0.6069639921358968,0.3463333620667109,0
-0.20516352110239727,-1.9410304253492296,0.43623236060077636,-0.5617625130563102,1.077442473261422,-0.8580060075806377,0.9509347170476468,0
-0.43870895502740914,0.39955094026942506,-2.0358921290266867,-0.6645692635181711,-0.9328215436902896,-1.714502566867499,-0.43776210750766864,1
0.6387569914897238,-0.36668005377462176,-2.8150308383254754,-1.1895105941582718,-0.792096052030588,-2.945165738016116,0.6160725382206967,2
2.4049024838532587,-0.9575716351431288,1.8438065011433762,0.8459732164025805,0.7651769071437935,1.832524502843277,-0.13808254384269092,2
0.8321408906873523,0.6347837130805697,-1.3643424235218087,-0.12742282041198644,-0.9044463132594952,-0.6711805108732346,1.4280595671957717,0
0.04112322669887758,1.0872181696151244,-0.4958904861787943,0.28149293614682325,-0.784522179166742,0.35700715526222315,0.7421128879798196,1
-1.023257438603696,-0.8877944609892251,0.18621567711392809,0.3066570169195263,-0.3588590860702047,0.6736298498798841,1.7172716073496261,1
1.6858132630904383,1.491062073850591,1.2552757703210788,0.4825288114937029,0.6477648422378024,1.0783144679641865,1.402478279108095,2
0.2833657802739425,0.7191537444069388,-0.8007098084508097,-0.30082040916546954,-0.2619569202141987,-0.7789546351737842,-1.0309337546368875,0
0.8725027834143688,-1.255275472010073,-1.124261734498007,-0.19923117416188216,-0.601099824555048,-0.7343296092371506,1.155707771622106,0
-4.508441113167879,0.5596254776169522,0.3296014758836547,-0.8583821873424216,0.8630785499189706,-1.0858761687454608,-0.013900620648838844,2
-0.6689903381336553,-0.2053846530181436,-2.1180688893537614,-0.7790423837735213,-0.8819243010007554,-1.9228776442813151,-0.47706551002703834,2
-2.341772520282663,1.5111909562411272,0.13057652670416753,-0.03541212239008332,-0.11856791537081868,0.15214236288199712,1.1274090454778352,2
0.5458423024024405,1.6175087600006441,1.191412256559629,-0.10749866064045545,1.2235250860990998,0.10140744878003494,0.7928394763009099,2
0.5019757641412614,1.1873668837130191,-2.714071251247546,-0.5098235299665963,-1.6029454966350438,-1.7017055915614818,-0.33904954158508754,1
1.3748080877425353,-1.180147126676194,1.3210176891204988,0.2955373869063758,0.9097602177847499,0.7889540905247014,1.5465837749615559,2
0.4420883225028065,1.0531095301628761,-2.57033989639243,-0.46967970617397004,-1.539025999251869,-1.5857508006109704,1.2320735424809919,2
0.0930066886138845,-0.4000421650638618,-1.003167430640158,-0.17631437251781162,-0.6191103333282032,-0.6004395852065452,-0.2148940990797288,0
-0.4884577468186564,-1.7324084790288872,-0.612012782522184,-0.8660769336585843,0.5412951184040051,-1.6692908150116996,-1.3916846865019699,0
-2.6087111161060887,-0.4223960941095776,-0.4163912116476087,-0.8635295534577455,0.45532301522231844,-1.4485261438847803,-0.13900510291762755,2
3.0231904562333343,0.927075243873575,1.4351927547200132,0.7435206106433823,0.6211797701538936,1.4894424094274217,1.891243732594711,2
1.0628050794079118,-0.25564980701563594,-0.9970714954436739,0.8591004957961308,-1.8417795092837617,1.162728296128069,-0.871548641682081,1
1.55869479340444,2.551776297083866,0.7598537036445157,0.14701578622271097,0.6436689296597398,0.354592629803958,2.2557787545813435,2
-0.21276262791060097,-0.6588002530668524,1.1731242109890154,-0.020963137440887947,1.0062022362017071,0.307454578172351,-1.1649843679958494,0
0.13138012506116137,0.8326483872893138,-0.6305063544386051,0.6383413905373065,-1.3517080426690518,0.944979872124133,-0.3867516414773368,1
-0.6935259279221998,2.1697836673850364,-1.0364871097576536,0.30203820743969517,-1.360535876707813,0.29804202117003137,1.1753220340335664,1
-0.5815961483145593,-0.9371457446609661,-0.26274851892785245,0.3390890941261378,-0.7330903150492692,0.5717943464220694,0.27327308072454476,1
-0.6195859841847342,0.7086126535576066,-0.13416668148308108,0.40326082788922973,-0.7107040024418914,0.7244310081536138,1.3190574332098954,1
0.618532029964643,-0.1752441203487987,-0.01998410474377385,0.3380833760874342,-0.3824247601389568,0.546565636395073,-0.4399425300510012,1
-0.7499021188354443,-0.2269791817247908,-0.06761100998838301,-0.5704219247100105,0.5931498992732169,-0.9729133863316227,0.9408870458659689,0
-1.1551633339708696,-1.6124523854513895,1.072518489510157,0.16649974895954006,0.56589962007535,0.6833548342766036,-1.332213055958631,0
-0.32099584715228074,-1.4796953675447415,-1.9009177530256953,-1.65691349984765,0.4830450836089069,-3.4446628683232436,-0.83934684071759,0
0.27607321176941296,2.3439885171333548,0.014012846234912084,0.3593042903493078,-0.42123293324169386,0.6197809245675684,-1.0451393287713744,1
-0.4319178783332367,-1.4311769637225227,0.6730925507715113,-0.3665159317043197,1.0003192234642324,-0.42834381363703833,0.12127149398266122,2
0.4404650372706651,0.2097286736439219,-0.3236807767980844,-0.4272647150390684,0.3288025036477598,-0.8815078075634006,-0.6770505857049999,2
-1.3022134688007423,-0.25157057420309137,0.5123432389140852,-0.2620548517003037,0.6246445054665187,-0.22189700210396662,-1.117849239057333,0
0.6331458484861696,-1.3675698261440392,-0.0721186804908495,0.28129902591655614,-0.35171110642624404,0.43020476894467424,-1.5429259598211291,1
-0.6477785285799758,0.29107230563648356,-2.4742039617734966,-0.3409238832541018,-1.7522185783903588,-1.24760372600211,-0.5784869334387807,2
0.5324137177020355,-1.1852145352542194,1.6476501597710462,0.5563967772608547,0.7517954673555054,1.4069388507451088,1.8597221300360216,2
0.6841262774488857,-1.1446711899159894,-1.1483947732082724,0.03465975501703133,-0.9471881089750757,-0.3121546156000672,-1.5176503768530245,1
1.088273386083706,0.7171194259613375,-1.7692939044380311,-0.1919582188069213,-1.1371844312522918,-0.9184441124788751,0.5972029350650186,0
-0.2704443974093257,2.449561334365946,0.3039888146616007,0.2611668342210368,-0.11027635692389659,0.5686289411500322,0.22410625900099068,1
0.6777421371696155,1.2423950032672622,-1.06981602768752,-0.15906265651839652,-0.6295454729855123,-0.6330534992949777,-0.9085108489700696,0
0.0611656810219704,-0.8038004152705231,0.08552764644654473,0.28939173005373753,-0.29473860235897253,0.5322456342706319,0.8048668748614126,1
-1.7763245849705334,-0.5903854376565298,0.3067083490056872,-0.0437848352077517,0.10974613979120618,0.1435415678934452,1.2739394729380782,0
-0.3964554109598114,-1.732701380944881,-0.33072876756821223,-0.7607887482117696,0.6564171725770781,-1.4109259507958107,2.0246865858267276,0
-1.1505613358587996,0.521121714459286,0.6319859851303754,-0.2235030586504473,0.6949631736042149,-0.13161924802905123,0.26416764538007903,2
-0.32273304964710064,0.7338086662124178,-1.558866785333116,-1.3504136243391682,0.3782763359253669,-2.805489342399442,0.34118509928778856,0
0.7710455351182173,-0.32842473153748963,-2.43188242146965,-1.0022256886971324,-0.6913304624782336,-2.5160096857057996,1.027102592472202,2
-0.4128750922386685,-0.08788101060884553,-0.30467233463161253,-0.8454220183276709,0.7864995274965941,-1.552397768480753,0.6028795179961438,0
1.1256579195535414,1.2567098830946388,-0.5160761070788707,0.5970915741059487,-1.0829999820900469,0.8281685498850361,-0.7103216803576006,1
0.2532255925568131,-1.2597708585833998,-1.8161847138578537,-0.20913197319859533,-1.2535607319932245,-0.8984118555885465,-0.778810182468194,0
-0.560657484040618,0.3877584044873875,-0.6055046397932147,-0.8191338384203252,0.47749296096618066,-1.5787609113433736,0.9838569762276685,0
-0.7270515966094414,0.6599345400472424,0.8109576594552316,0.42687168404488235,0.05498043404638153,1.0390484297940732,0.08735745226322797,2
-0.9371333328528438,-0.8171169877769554,1.3518550732812051,-0.02378890848572792,1.0773999382694983,0.40765099972583063,-0.30032072984400926,0
-1.349183668518016,0.14217339886836966,-0.946102518803792,-0.3065536053115802,-0.5715513947537478,-0.7054776373594311,2.5496230073372605,2
-0.2501572105947635,0.3140066196826203,2.078925343762793,0.12565281561286346,1.5870332894236316,0.8237595779751964,1.6718831041192967,2
-0.4294083290929207,1.0276278520424862,0.12823312742055257,-0.6030953681546883,0.8409440223798716,-1.0004134984043724,-0.3309315465807509,0
-1.1284145857881813,1.346188711115325,0.35999734644997716,-0.26739724982465196,0.5216730208409264,-0.28725201962365743,-0.8514548589433528,0
-0.8049921309069973,0.20875262157728935,-0.4473924804204638,-0.7614235233940958,0.5091909662712433,-1.4135946388540592,1.0930341880106307,0
0.1534214489730895,-1.0899465449831625,1.002170361063083,0.7731388048345205,-0.12638252540072004,1.6392928421693758,-0.09502804986432262,1
-0.6086728629191847,0.7254179444955862,0.5434144600656697,-0.44159605987390277,0.9658041541686848,-0.5842672737095379,1.0714187676948972,0
-1.6038116471353634,-0.798382008399106,1.712687582949831,1.2202501206173726,-0.3051339056696852,2.7645618976287825,-0.12965312677998928,1
-0.5514201729978745,0.7447739795247873,0.7110931957200604,-0.3068278759293873,0.9413705849976647,-0.3028039805227723,1.7018660888375015,0
0.5332071341824889,2.2085821817479774,0.5505076794548551,0.07393813172916644,0.43824840661517817,0.2445588162908378,-0.6602472554188513,1
2.118841292569221,-1.6795612173657914,0.07618783276601711,0.46616633243713146,-0.2891709385677331,0.6862526220123099,-1.168888952642174,1
-0.6223789331580406,0.5220249603631257,-3.156635626660145,-0.5763503414975434,-2.0281419139710906,-1.8578854863251888,0.8260181206811504,2
-0.07556802685553232,0.041066983266796996,-0.6360923764996981,-0.2979689530920401,-0.16709148876440838,-0.7004790383686091,-0.18376030928241235,0
-0.28480124705734644,-0.5347500414538647,0.5621014242247657,-0.5552644488280745,1.1673606721712542,-0.8051861837729941,-0.3526756240057251,0
-0.9655785540532145,-0.8487476146313516,-1.0105318086111588,-0.2576792926374643,-0.6448075147377885,-0.666098794980736,-1.604995800517324,2
-1.1586231498199826,0.8181062594044044,0.02866835187231502,-0.5427757449936559,0.5915057374709322,-0.8658266857587873,-1.8946638892505903,0
1.3305679414344365,1.540094692436276,-0.022140911479178536,-0.12376197435224322,0.2984476563780961,-0.32691352642555366,-3.172906957273304,0
2.104303767225251,1.3827680320584526,-1.9627760637713494,-0.5071478258144401,-0.7743360976901711,-1.6086821683102475,-0.2388355431743924,2
-0.39142302598447165,-0.11067005838111184,1.3175682074947255,0.01843693948014527,1.0576851488623864,0.4313367311105827,0.8213169826971124,0
0.7989732142060978,2.2101030070042786,-1.998201059528933,-0.1533071868935258,-1.4173480461467838,-0.8919800098651749,-0.8082918185033545,0
-0.8118720585712131,1.4004226925055805,0.9825363432184001,0.4203698405931819,0.20026472845934473,1.0820160926729716,-0.9755971786397838,1
0.961679247054045,-0.29863940860684374,0.08631323723251912,0.23404662253586359,-0.11609142419197549,0.36577710020586063,0.9953812016336033,1
-1.5860694902701595,-0.8481515762384393,-0.1078599807067984,-0.6096761087697906,0.5109510786858072,-0.9900751914764621,-1.3161781420976661,0
0.008504892467974035,0.9738290191320645,1.2726620045120878,0.5679882492908709,0.35399962249587225,1.3624128315721156,1.2205880286104709,2
-0.38783730447471654,-0.7783625995543229,-1.8452506255133507,-0.3352036946013589,-1.190624395327554,-1.08119136869791,0.23378247726852022,0
1.6012189738747713,-0.5738552133769323,0.6322497443833185,0.2004328947124512,0.470215190279738,0.410316491408776,0.2953028373156798,1
0.9096319746608864,1.3891604934408266,-0.4866645866790151,-0.2193639015286051,-0.02487539884879897,-0.5943528723603151,-0.35166437878681833,0
1.731110127357792,-0.1481621090447729,-0.8081989209838017,-0.06732791903418343,-0.4002817902391315,-0.47743961222012665,0.6003492535287331,0
1.8025130715126143,-0.004310984780468511,0.22600688446893366,0.4113953143996128,-0.1272458059493815,0.6552017864237295,-0.32565034776066165,1
-0.6717194073743324,-0.8636043381939646,0.7446817830484053,-0.25234321964837403,0.885297040859152,-0.1876618612798252,0.3681969533646207,0
-0.8718232353731123,0.45415337510942755,0.17703129709846133,0.13475086095573047,-0.1260018713127916,0.35481266139306833,0.7341553330765865,1
0.7144330524356666,1.7674929273682194,0.7807222215523014,0.20531885442616718,0.48635734259529556,0.528081866489637,-0.8925110554764275,2
1.0013351764852714,0.039995860375530455,-0.6362756486504246,0.7999331631468836,-1.4635079013796248,1.1635353039220557,-1.047724859612391,1
-1.3837681320332742,-0.3029942342357547,-0.10393742901664595,-0.4471477174389276,0.327474642602296,-0.7162953942568736,0.6169006916653752,0
1.7571208570891643,1.6508875537709633,-0.3812512404427178,0.7041507909813237,-1.0318980682297583,1.0075850998439821,-0.023011245679865757,1
1.2514379548187384,1.4907211297814018,-1.1170629105631036,-0.17410836471367735,-0.5828065725086489,-0.7166440241027199,0.5267699439519518,0
-2.423650479806728,0.6691196740813837,0.8967652307732623,-0.4399612683471164,1.052032913580503,-0.3442159554364818,0.4568729686562896,2
-1.144182761561784,-0.6461377456999525,-1.477054618413506,0.2691211959108483,-1.7481230301934894,0.15068484991981157,-0.607926116910923,2
0.6935288619953986,0.6622280174683752,0.8220136811044867,0.22358760352540685,0.49555129128782294,0.573615540537169,-0.3690544300181357,2
-0.5124751446207513,-0.9595491879549573,0.36695921980434953,0.8384627054969297,-0.833320298718639,1.6279769460997962,-0.008719966547226841,1
0.3326638642088915,0.059833936359670055,-2.1529008615021556,-0.6366577909511669,-0.9781648090645675,-1.756534496954015,-0.8430746349403471,2
-0.7620400642806722,-0.3854900898070351,-1.3216448040357511,-0.09224337117683598,-1.1015588417688043,-0.47545149818594656,-1.7117962854184885,2
1.3639188161117703,-1.2472000866040056,-2.2689924637046905,-0.6729371156995068,-0.9088513674022631,-1.9318846862855767,-0.5054257468330148,2
0.06475388002453053,-1.7611258558231817,1.2799774200193077,0.23886141305928477,0.7935684662274859,0.7767827596726702,0.7386496210683727,2
0.44183111355925503,-0.05031140465168846,-0.2527475705177738,0.39383093979646855,-0.6747701997108823,0.5936786729246103,-0.9489001267791782,1
-1.0444505889990732,-1.0909504507624876,-0.7599623110370328,0.12744583423522807,-0.9389057959572189,0.09270720873459415,1.5543035943587888,2
-0.46902904002016266,0.3730365131651769,0.10777235998357017,-0.6206354667628435,0.8414956343062389,-1.0342143925927971,-1.5749378888963685,2
1.870588951823686,-1.2194817115129082,-0.9740701614203403,-0.08336471236484577,-0.5050146847767852,-0.562923365833148,0.1443920758328853,0
1.8894942965841215,0.3069711357063185,-0.7562048313632083,0.659627966793096,-1.2795025126691808,0.8136184436198656,0.23628943278892223,1
1.1127300686906374,-2.7549570814131186,1.7465520009348212,0.45578260985834607,1.035338771404411,1.212083014868572,-0.6454273167247077,2
1.4199828414925895,-1.121037531987324,-1.8066601815978416,-0.13038945785301748,-1.209854740511613,-0.8450350533273868,1.2595503516402502,0
-0.0471069012865053,-0.14537552715537713,1.3315103729220963,-0.1362628120138732,1.3107841457362224,0.13480226760209912,-0.14466067367448254,0
-0.5778374523529359,0.8402428335487117,-0.8864155470554943,-1.1310742506139355,0.6394154065673767,-2.209021522968028,-0.8782329518062593,0
2.243004105819317,-1.5036778021055806,-3.0085250661832923,-0.5460619037166817,-1.602625975930375,-1.9809734488911275,0.43224706462470625,2
2.4399239910083166,-0.3042608946698409,-0.49013235524750226,0.6689067004769865,-0.9988591334156951,0.862627831867834,-0.6611386844328468,1
1.0818156761163482,-0.5845836053681566,-0.8059556505195742,0.08538580630362716,-0.6729283508929741,-0.15666619175127972,1.4089092994895462,1
0.7760013395522596,-1.1650833798498932,-1.5792466071830322,-0.42726228841622,-0.7063091966073867,-1.2585461592593399,-0.10506470745117624,1
1.3922145105520016,2.211502203224936,-1.7340380320341788,-0.13460466528883888,-1.145505652252039,-0.8300617127303576,0.21489319443558536,0
-2.573696875543814,0.05535833678851351,-0.5744089854680673,-0.643698105219774,0.039215479537871634,-1.1057666629130556,0.6886068102578454,2
-0.5051104002314623,1.3010947840579694,-1.7498329920906814,0.2748855219933578,-1.913691239079286,0.035865855529796487,0.967766768474759,1
0.49376998384331205,1.188927365129846,-0.3391798521325928,-0.03163203451572528,-0.1910643804725749,-0.18862778343596676,-0.9502832616660037,1
-1.3632874208414811,-1.187101568021198,0.5216626835181276,-0.5672171765647185,1.021021977466891,-0.7555520076850541,0.8650804108468061,2
0.4109706776410271,-0.0487751664905054,-0.06657255842144533,-0.050814364204427434,0.057371451991694244,-0.1400085982514666,-0.9163059885867164,1
0.08402338648053276,-0.008974014688309705,-1.7226191832588427,-0.2575344455700365,-1.130685942039339,-0.9451275741195146,0.08054339738024248,0
0.08840043073743609,-1.5364722235452395,0.6598366168544404,-0.4296230375566506,1.132161431454532,-0.5835446175030645,-0.3362793224233629,0
0.6901516244909549,-0.9055395493397921,-2.4315687341976027,-0.6941027623024104,-1.1000474665259081,-1.9635973345896571,0.6686168408323148,2
-1.6699279312104307,-0.28081424540384436,-1.0798141775318797,-1.2263766512895475,0.46859989230880816,-2.3489127330826216,1.3448666588570766,2
-2.6145555189422374,0.3262780324623933,0.482731936074863,-0.12696787343163282,0.26936856050785285,0.10921483649464858,0.5066307461223494,2
-0.8916771372193554,0.3794116700085276,0.8789071511695539,0.6815548808180144,-0.23644358492701884,1.522047665825505,0.5217089318362672,1
-1.2706476651005827,-0.15091073834961416,1.482227253430366,0.5891496197389011,0.3550499889767691,1.5560137945238333,0.04948253728139177,1
-1.5202128555866046,-0.04580315413671834,-1.2056389281303095,-0.4649358499352708,-0.6085511477247922,-1.0458473153155747,-1.3861558972728272,2
-0.5011011110225793,-0.3713876370988011,-0.7543178477578678,-0.8743674139159957,0.42874663476608066,-1.7228604588272638,-0.6999067135380639,0
-0.21219861134077633,-0.386986949813531,-0.3206614306879068,0.3675191583881233,-0.7759413386265791,0.5778410492209677,-1.100946388467688,1
-1.9928157235860595,-0.9607417830491286,-0.5782212036034334,-0.209147727732565,-0.4588659734812168,-0.38081358501838863,0.20537315558670818,2
-1.532254173836693,0.30703985892639046,-0.5826030052924795,0.08010771973994688,-0.7832713285748999,0.09560147468990443,0.2675667152516161,2
-0.2647741185965821,-0.1001199446223115,-1.479383363045296,0.07548519186547496,-1.3953541699401257,-0.2601756472160871,-0.031112370866958193,1
1.4516009075900604,0.822192957727736,-1.8436424098534308,-0.09628309546432046,-1.2819942311772912,-0.7973408823918333,1.5855365987603516,0
-0.2833790684613833,-0.29947362308538683,-1.126232065046275,-0.21850676525873322,-0.7141484575962694,-0.681011867480711,-0.3087130668575694,0
-0.10419399179924393,0.655899672385737,-3.113400880619446,-0.6724966495622636,-1.805367503943345,-2.0556732748866775,1.3708014539615314,1
0.24997619501980495,-0.302708632071279,0.6293943753322027,0.07054209967387363,0.47676263949710007,0.2821948882067226,-0.45299022178466336,1
-0.8332336021648998,-0.48952626732372595,0.6035330847810455,-0.24793919154272628,0.73972033132772,-0.20706757688591992,-0.5259698465056741,0
1.1185621116281892,0.3962477199443321,-1.2491903975316818,-0.21935165948958285,-0.6529218360215238,-0.8237078898678881,-0.7569569444394774,0
-1.1864466734314845,0.46827955611512684,-2.2952212998306294,-0.3836821165306585,-1.6071319655540688,-1.2322629086699015,-0.48656457106016077,0
1.1521945923256232,0.6216992950227325,0.3250183025628068,-0.25364769008395605,0.7429345070665083,-0.4463720808134697,-0.49533595331722546,2
0.9891731633492074,0.592299723702476,-1.137184442479482,-0.19633813535775205,-0.6021486405429606,-0.7417052267935881,1.4918341706266223,0
-1.2271025323644582,-0.6134679254822321,0.1144109581038953,-0.2890261611638506,0.32786350083179777,-0.3868241165544535,0.46147098403949915,0
-0.4789495295670687,-0.9319511245290732,-0.11308935395646817,-0.5378817453030592,0.5440010695763948,-0.948602392441884,0.7810477640708742,0
0.019462311705604085,-1.0290380936079344,0.8187949568193608,-0.2754230887805152,1.0601870922439278,-0.2604675971751482,-1.3619847816554114,2
-0.22686809127440993,1.4957928272434684,-1.0657175453175496,0.09443973063187808,-1.0613817046545557,-0.1136619602733111,-1.1225436696885343,2
2.883507064237241,1.2341405609478253,0.5392716219025874,0.3008067166777314,0.41177103526189573,0.46454170243812243,-0.6322886950163001,1
-2.0279290937201395,2.1867740782096283,1.2752797583478992,0.8018363963618899,-0.18713735121578567,1.9327556444921732,0.6884496421750813,1
0.6535752276466864,-0.04613236525446676,-1.746774295533696,-0.15752723552465317,-1.2138225049431528,-0.8180010238999627,-2.3738781018717043,0
-3.0980978882514343,-0.1579257677355873,-0.030130122958212168,0.28459410178796085,-0.7601894006225401,0.7319853081459069,0.07090865619559199,2
-2.3679574376385326,-1.5071093720375992,2.8253289857864936,1.8021531898888392,-0.19728487641695536,4.165690746377841,0.7622382276370009,1
1.3160835728809857,1.0289048878803144,-0.7242442059047204,0.4896160375195189,-1.0993876858304037,0.5648840206477375,0.17391133463837985,1
1.4579169752660013,-0.5567621777375898,1.441476207500654,0.6419436097975117,0.5735966225533567,1.430368154535377,-0.0540468609622706,2
-0.14491025268379,-0.9760681487739432,0.9949197835594502,-0.19781165720798113,1.090936055804403,-0.06107328572652149,-1.107870455776239,0
1.1479881261652827,0.5910474083822879,-1.5306598572915475,-0.13161632850793883,-1.0041096347711544,-0.7492292319168603,0.4782690181198915,0
-1.857899791212188,0.2558486126981966,-1.6789617242748303,-0.7415228556685817,-0.6949608192023433,-1.6428956080404034,-1.4653324327272894,2
-1.1810946398230195,-0.3224688232595959,-1.2603488724009873,-1.1558997260211812,0.28037235720598813,-2.3117596498817665,0.31130397643691626,0
-2.047183556282535,-0.7930874972440902,1.7405869281761261,0.6003228762081121,0.470103661689629,1.707288824729104,0.20371815160690318,0
0.21738611478484238,0.4755536492464724,-1.5140871894018273,0.0159712818024942,-1.291029422691775,-0.4121052586474574,0.1748754509860379,1
-0.9946069170039142,0.5930697069297248,-0.24991334471211615,-0.8657951783576653,0.7911587536559442,-1.528873950974457,-1.463327041379983,2
0.0061313145990694595,-1.8112062055553635,-0.4081639939393906,-1.1473733603428138,1.1387862197040257,-2.1485065443427542,-0.5842876196399218,0
-0.6956013837022791,0.21407667901709293,-0.9229105909559899,0.45986520400154746,-1.4681690775995837,0.6097513293941901,0.44644204849839575,1
2.440139894214325,-1.328320083564486,-2.8671138341796016,0.025658377204559667,-2.1994960820996643,-0.9429980537465256,0.46659245959480194,2
-1.7398711310034372,-1.4769746269793569,-0.46626802476643503,0.35674927985335103,-1.0668179218881,0.6343425811310539,-0.5788859828116364,1
-0.8775094080759653,-0.859306465498027,-0.739265829961363,0.19477210394970335,-0.9887782083878704,0.20512537473049958,-1.4745232175067353,1
0.6665150206430478,-0.806314791239005,-0.8303264258602441,0.7027009995958965,-1.5430505193802402,0.9623643947476342,-0.4792940280489372,1
0.8837835520798201,1.0025295544464985,-0.7053496280480903,0.6903734485322104,-1.3944672131048619,0.9589515983340715,-0.45525866310899166,1
0.22441677111740888,0.4034406611082629,-3.132533179120309,-0.18109180325031807,-2.4200251902932766,-1.2150176931701169,0.08774691300116852,0
-1.2709171100322192,-0.36113916483775155,-1.84767495591264,-0.14015232543975792,-1.5497295072684558,-0.6688730468295776,-0.1803757054345614,1
0.31753274648590946,-1.1256112253104062,0.1536072686323038,-0.8106845956190618,1.2198873269843413,-1.4181623292776153,1.4684563593009368,0
1.7597429482867777,0.7418074910465616,-1.0543655734276736,0.8697832104913608,-1.8224561842957625,1.1125434752676628,-0.16127289624605715,1
1.2131529346549046,1.7270899915116256,1.501130060107471,0.4603461912807805,0.8312022803844559,1.143819439675619,-1.1518453772466242,0
1.2496900034282845,-0.899639585608301,-2.4803787006391658,-0.7143221040483438,-1.049609544317032,-2.0557176756319637,1.1679371360234585,2
1.2190387196197672,-2.312115857318861,-1.827242520983828,-0.10825015775036229,-1.2798766847876908,-0.7962492617148434,0.3533666805172102,0
-0.8430605779492554,-0.9185418349366229,-0.8872368055528084,-0.8314966189514903,0.21906095915411106,-1.6580346551038274,1.3785522627915268,0
0.3948624027164542,-1.0094172702436404,0.8335590297031088,-0.17788470756096225,0.9906609529352509,-0.11203469194946769,-0.8014406457411618,2
0.10516071430144103,0.8999956555110025,0.35606908443305874,-0.29208073271266355,0.6958251883672586,-0.4260581197654547,-0.10753737136971268,2
1.4293581924511594,1.0145018693661825,-3.4958958223717724,-0.8334913513487553,-1.74314922861797,-2.5649223314847807,-0.4250606775216039,2
-0.09925643360150982,1.7962920630011012,0.09646076833875047,0.3332520703133188,-0.36116375406750384,0.6252692877127571,-0.6225291399354889,1
-2.490645454210957,2.00698693264966,1.5497701412487377,0.5858204324374341,0.2732647133611378,1.661940390448362,-0.9199919141571646,1
1.7559371805903736,0.6905403933934348,1.53028929637456,0.39899586917619506,0.999722018965788,1.0018953666669528,-1.1829519384068063,2
-0.550246932505255,2.339730700753105,-0.7087433734159865,-1.2157313146754665,0.90449415511483,-2.311443721477093,-1.4674420105587076,2
1.097434001314981,-0.3175961518576016,-0.20552926765877336,-0.11012605739686178,0.09629989704539643,-0.33632512817809906,1.5715421966478476,0
0.4597615554316741,-0.6699680754719868,-1.842547353489158,-0.9376997034389173,-0.30726462513148667,-2.2129453186516126,0.11356400768281394,2
0.689319204122075,-0.5627560208638397,-0.23511241772137018,-0.3707060117249719,0.36064581742033375,-0.7754142301371891,0.5593773933502261,1
-1.2941339423120124,-0.26827590931702827,1.4594771932814687,0.8088344359499546,0.04801275175450781,1.940836239957833,2.005886330295867,1
-0.9766789977703605,0.5972334579516054,-0.7202437604014783,-0.3468501860600527,-0.28204877616826923,-0.7420491005318187,1.7786577032733804,2
0.18848111678584967,-0.24738567546982432,-0.24700639343637268,0.40761571732006663,-0.7176121103352501,0.639016166938394,-1.7845966165316476,1
0.05845940368409941,-0.9501312840189505,-0.4591623294156728,0.49079398010010683,-1.0223728393810154,0.7369651674609278,2.193745526473696,1
-0.6019004446417986,0.5740291748471826,-1.1655862654373867,-1.0597789064765715,0.3051979021286404,-2.1589661278904586,0.30819236717618864,0
0.7679153431047446,0.009156026227704147,-0.8142632848479873,-0.1385228440240317,-0.4267978876688172,-0.5319733584207325,0.0917882467061599,0
0.2781736422627497,1.3033367966471676,0.411994018753962,-0.0757946053152993,0.48371452616995847,-0.04020161388611854,-0.2620903291188143,2
-0.0959177974033284,0.5420764824609138,-1.1206383856272037,0.6763558178582103,-1.847325307544822,0.8924651440591074,0.016025205958244366,1
0.47391550218833406,1.9476441387366683,-2.1314818010789582,-0.18474255963773212,-1.529020908207571,-0.9602541980677193,1.5147529143385396,0
0.04999776965568692,1.9826419752216373,-0.6495192963013796,-0.2187242590152923,-0.2665029836743919,-0.5733361729146187,-0.3820078195032494,0
-0.7012032879682883,1.4430259173597448,-0.4260238650966546,-0.758984404776896,0.5365623853557163,-1.4111941284000444,-0.009394812651803698,0
-3.035857023908589,-1.4332127915179196,1.1814044314775756,1.366534111751413,-1.1184469521921776,2.9841984969815885,-0.7109749634875813,1
-2.327808328221076,-1.5416385794587701,-1.1578973639440304,-0.7017695329422626,-0.3559276726073845,-1.390772502350614,-0.9832778815179927,2
0.6265712724613319,1.012325825485934,-1.4685798810128012,-0.2358059751213777,-0.8774115320507319,-0.8768186982157892,1.1313152157801571,0
0.7003428800555624,-0.5219130396652957,-1.9491691955595236,-0.8139753029540256,-0.5305403017050208,-2.0418092254306948,1.1897512236332652,2
1.1438797253382793,1.4176869514196924,-2.238384693924851,-0.15757079359089782,-1.576717639807172,-0.9930445782174699,-0.4359513712102183,2
0.569215656921831,0.008447919550081543,-0.803505920942815,-0.15414083866542744,-0.4207825243426623,-0.5415118788839346,1.0328162986932743,0
-3.0542317927191283,-1.077070934886024,0.705742166615881,-0.06959965807926766,0.33401596048942706,0.30682043279253257,1.1360183977334066,2
1.8918015076696149,0.48316769126954284,-1.2024429187546812,-0.05232436133789865,-0.7382257703579892,-0.573449784200091,0.7087543241848562,0
-0.5176144232624544,0.7625922772716925,-0.7968351698926315,0.29958821384575884,-1.1314811095261388,0.34739010829172434,-2.138894262706614,0
-0.5111794768857882,-1.2170660341528725,-1.1712368065503616,0.7435207783915591,-2.0266907975615784,1.0289816098406548,0.26922437377378383,1
-0.7416147595074494,-1.8881041029341066,0.2500769842878067,-0.3808545295001007,0.6202988477024247,-0.5485923052791932,-0.7365964822700469,0
0.23008649616030408,0.8961944867882161,0.873016286403474,0.08699383664922068,0.661614548075581,0.3810715578305149,0.6810052561719758,2
-1.7103272623946053,-1.145074424528038,1.8921835320334952,0.6039868689396772,0.6348477356806479,1.7305656225149708,-0.1302558098333139,0
-1.0276536853741902,1.2991607428655436,-0.549662795621187,0.31550411070076906,-1.0007147678407682,0.4836425216953254,-0.5596142244831703,1
0.21368314708344371,0.0871704147112645,-1.388761700906143,-0.30091409550793785,-0.7733926227956393,-0.93843446307199,-0.8997100673031782,0
-1.6874482270193343,-0.5558111866857202,1.69228262529929,1.3340902587538588,-0.48004488208007456,2.967007104593592,-2.761552129224681,1
-1.2561706456871553,0.39090298501931664,-1.3590948672097654,-0.09632166858457922,-1.1866156603819968,-0.4555295419016474,-0.9549614025331163,2
0.26237972308322816,-0.0068891154572187285,0.8376080973325578,0.06897695710669104,0.6584732869203551,0.336763884513861,-0.29481780485886433,2
1.5493174454703271,-0.2691821196581928,-0.5672146158437616,0.6545342860917256,-1.151262940244468,0.8834052788093569,0.07995327780583612,1
0.72293685658787,-0.3039635693129602,-1.458026934254935,-0.2055400627864975,-0.8962473214427544,-0.8275561874219841,0.8930334448280421,0
-0.4593360049643671,-1.1799404535915627,-1.032247134737491,-0.25101935966083694,-0.6123107417316915,-0.6989301061397531,0.46926564157628364,0
-0.9677637839096318,-0.6016890654186542,-1.594793273698914,-0.843760459650641,-0.3853767731234069,-1.8683505984842799,-0.6333118326458688,2
1.7700280562052937,-0.08319645202880017,2.6061664638645725,1.1243949425850785,0.9818809712641898,2.587812784628719,1.036368481356618,2
0.769263960741903,2.3526309455326446,-1.4113748131176944,-0.21769118656450204,-0.8350986217942097,-0.8395631712854169,0.2918005463428407,0
1.5154298147852148,0.2551375449836405,-0.09757722278153887,0.5014250383171708,-0.5547917994609193,0.7460641943610478,-2.3466354816833825,1
-0.34814415979601787,0.15268715220012694,-0.3846089449723389,-0.8619398084840942,0.7471276480076064,-1.6089842303608508,1.5368933684376873,0
-0.11873820007805524,2.6009161045377764,-0.8850352086614246,-0.2768585569076397,-0.41263111440289973,-0.7294616212253608,0.38857670433330266,0
-0.02994797969913232,1.5273890999150717,-0.09700709181496694,0.6538304194878747,-0.9341748466792937,1.1340717266316764,-0.7027988995834653,1
0.11052207663734748,-0.10588566013848244,-2.9943271802699782,-0.2736643381419454,-2.1951556319669336,-1.3317427014293426,-2.291300174914952,1
1.3615374599748535,-1.0514379670494414,-1.2964400850326387,-0.10266512623105696,-0.8159723769652368,-0.648608284012213,0.8477265371420938,0
-0.8697004360819851,-1.5201713797422076,1.1070115041323592,0.08841835833573782,0.7303202694341407,0.5328658107912767,1.1240535506990554,0
-0.22159365502027534,-0.3032144179227862,-2.5370560925697143,-0.7572903369208855,-1.2159751261521816,-2.0356890151121823,2.8861966447301675,2
-0.3974949779371326,0.9436954698196285,-0.9830256691613795,-0.3372499861046985,-0.45109791320904213,-0.8427090552636224,0.44175027211206674,0
-0.30417174028649346,-1.1500842255319135,-1.050440336725288,0.08846628789448102,-1.04968042371667,-0.11408570430911624,0.1280523819146039,2
-1.031960874180519,0.5086418613469591,0.14958534286544614,-0.5268942076965469,0.6893563882011196,-0.8134730612475063,1.1817076083314824,2
-0.020006085410789187,1.0879858290619926,0.45789863410334697,-0.35603196855637337,0.8511250433322457,-0.5013752480571263,0.22965810319365046,2
2.0883082353358953,0.31511307318820775,0.9497066306875351,0.5201939448464382,0.38486704175856956,1.0288803248094298,-0.03756754704892306,2
0.7202473835324441,-0.7999630602240003,-0.009838100160103594,0.3441631490400684,-0.36962347362030473,0.5524356219717984,-1.0061667366677625,1
-0.18295666723162307,0.7189623192369089,0.3346204240669748,-0.41166727638155254,0.7985084968859395,-0.6220915805291239,-1.735616471830527,0
-0.43709238575758463,0.2644239224071525,-1.0593104550301569,-1.0552745836197206,0.40976548922783795,-2.1337832093663667,0.6646899238137,0
-0.22891605982929436,1.97275849780818,-1.6460609552134224,-1.4385928036525428,0.42902356115812107,-2.993346220058676,-0.6654331881304734,0
-0.32112054420999975,0.3306857671518457,-0.6901275186470245,-0.8529722958381636,0.4771845374907586,-1.680674891633387,1.1576287005235395,0
1.1036626645614236,1.4800715642678375,-0.6359809678671557,-0.1313357128952799,-0.24391056819152973,-0.49489667696843376,-0.8082218246089928,0
-0.04692522297959845,0.15353496001174122,0.8653729494722457,0.0984262020649657,0.6075747115925672,0.42029454638762365,-1.3757266854800276,2
0.6269609692466908,-0.2836554823632629,0.4603177364264554,-0.032587100338714356,0.5102073558390081,0.02334880333585243,1.0414850464652374,2
-2.3848581350861746,-2.2750999303554758,0.3707123344936365,0.3190541560939851,-0.37762997484738714,0.8509575523206647,1.0592389570135652,2
-0.7119288436138993,-0.705835688565964,0.842944065471088,-0.06927408103810295,0.7273340968877524,0.16740772271549953,0.7569081751668327,0
2.774938918383736,-1.03192844939416,1.1257125997232544,0.7118577382022981,0.36804591799687414,1.3655893166088309,-2.430899478378293,2
0.2866813367465443,-1.1345005875593503,-0.2968512227126139,0.02327071931556099,-0.2504368673927135,-0.06368764553621442,0.0759026070097121,1
1.0982592908114004,0.3935662687256567,-0.08465346002241145,0.4724072848837935,-0.5553223435113936,0.7300199513610298,0.5872879251444629,1
-1.3441979946051799,0.014362054425687418,0.4632700952948897,-0.17818294441035903,0.468958737599673,-0.08376982460811122,0.3984225893690787,0
1.9232686269395687,0.6767721320488747,1.330913277683139,0.5907029697052264,0.6002824712161114,1.2731473032454639,-0.06636852969081795,2
-0.12599800216448076,1.0749705984435722,0.13080805398548742,-0.5362700863009485,0.7923083352932054,-0.9043503615774445,1.61253278671042,0
0.4313973732537124,-2.346535899079938,0.25507210918401346,-0.725884273776608,1.210233824781903,-1.2481174775836672,0.34650313463758153,0
-1.4250350786724164,-1.8719626576205408,0.6308438174532192,0.7894665981169502,-0.6515812409700095,1.6845055210162982,-0.31854769909948066,1
0.24217044352129113,0.023126814073358728,-1.531415736213353,-0.3257974377112813,-0.859877351486779,-1.0246461439755372,1.263233792379493,0
-0.28691947076555324,0.8397235044073091,-1.326283258500186,-1.3743000035922663,0.6125442908974666,-2.785446697403583,0.9853465547233425,0
2.0928061614070494,-0.2547821886204985,-0.7666341605770303,0.7365992487125109,-1.3642299432461777,0.9316492959517112,-0.05087248578644813,1
0.8423902806193729,-0.5723822380727098,1.2895882323342807,0.25558691900773856,0.8718440352864294,0.7498923489003899,-0.45090199963911826,2
-2.9109015848783804,-2.513433693852381,-1.2523888655874782,0.7515618960189755,-2.3896533045487556,1.2032887279820823,-0.31698357945344674,1
-0.5928504938740342,-0.36388021442217533,-0.1441917306030196,0.3689658093183627,-0.6716718352707913,0.6587986484098001,0.3921722645659596,1
0.9486905303224085,0.7375383593290225,-0.06674447888949259,0.3621560024089197,-0.4147097319395056,0.5509992287989879,0.5702385650019886,0
-0.05844471471719137,1.7592998914627676,1.9268357927745863,0.7368474063598338,0.6871307987816235,1.8499547160977639,2.449035989633503,2
1.1968622239375657,-0.4330486998036687,1.8576694892104615,0.7916551279963896,0.7049561590505947,1.8321326658694106,0.3429139913743706,2
1.3161278997796473,0.3137724111857015,1.425143230225376,0.6386943185367315,0.5471030991270085,1.4308355038952714,0.24030182131609376,2
-2.915808546147516,-0.02297715611845961,0.6098422321754531,-0.27252584982496136,0.5313286666942441,-0.09026578201088986,2.251346975706799,2
-2.3443869639683728,1.370074144101543,1.1287268687681118,1.2346581476016687,-0.9110075594912768,2.6830300717883793,0.06856779209364242,1
2.4383107246234763,-0.4567499490157646,-1.8309194492843046,0.04855096748924242,-1.3424688713182236,-0.6122050321731329,1.8115223710208972,2
-0.6638657034976485,-2.255644561804432,0.7562096401816625,-0.21110893713431336,0.842635517578438,-0.1119430492589285,1.0257951616975094,0
-0.4069182690763812,-0.4540157074485603,1.0578211192214302,-0.20434129033792403,1.122333607328585,-0.03508308686186745,1.5458504666756292,0
-0.9723647453851292,-0.954251089586656,0.1231794105298382,0.2636602146967285,-0.3510709271667259,0.5758931159886252,0.35510447885667,1
-0.9267839729038965,0.2684699521536571,-1.303178741328819,-0.32191541178411176,-0.8074453328962081,-0.864839762287402,-0.3702029660131498,0
2.282200787761975,0.7277926007552866,-0.37034085069721473,0.6044652882325687,-0.8313898975838994,0.7939497833117178,0.24289191201059987,1
-0.8849542240304202,-2.387633021651073,1.6704760812107378,0.2946317337659772,0.943482850791755,1.0572891607311217,0.3920932019534612,1
1.3638020208464425,-0.3020019986005816,0.5014887429314338,0.22949675467475072,0.2926076527820533,0.4433105667217886,1.256592064745531,2
0.29197671376622214,0.2090385689802662,1.003735455117982,-0.039522161264009655,0.9448153111475219,0.18869573637150205,0.22012876144188914,2
1.3212456570959459,0.7650757146565607,0.42968189175643634,0.15564991289994565,0.3218584851731558,0.2955527535717919,0.1507157204137335,2
0.26089933415313366,-0.3137223642640872,1.7634405875765935,0.5866090840053096,0.7797101661284906,1.5135859577876731,-0.12990133834713344,2
0.2222060671174091,1.2808725349356835,-0.36672672783505694,0.2756578322820476,-0.6450402854697787,0.3690306952711266,-1.550324204981305,1
1.4547396679521596,2.666477392935219,-0.8547082752635482,-0.01212821631618326,-0.5442518782209076,-0.3715659342682269,1.7563981893243845,1
0.6235970725263804,-1.515498656513867,1.6908052520742083,0.7789233455501956,0.5110118190263766,1.8065144681942553,-1.8215911105797684,2
-0.9424357687408733,-2.5901039782097257,0.17428041669160751,0.24533598645294644,-0.28004594763827556,0.5554383716997046,-1.7623280571744326,1
-0.14899507158682457,0.9001851395238321,-1.1227976324219662,0.07438889474817721,-1.075059341942844,-0.17111334812411427,1.2716948187884676,1
-0.06491428096182228,-0.12886917244799861,-0.9284283768790874,-0.14554159785554158,-0.6136599833296676,-0.5129427667002618,-1.8024164969959116,0
-0.4360007575687683,1.197525334299994,-0.4877904403265817,0.3655116215291261,-0.9427914770231646,0.5445415874811734,0.43011781776028596,1
0.9117152039445395,0.5768328878182476,1.4403080130419825,0.3256353666575674,0.918219776202678,0.9109696523525553,-0.4582620711015601,2
-0.6049809676437968,0.6847975352059654,-1.4302413474670967,0.025882300630338598,-1.3291191683237962,-0.3084308720180761,0.042628349257058835,2
-0.45692116444235703,0.1973340044566516,-0.6725472346062888,-0.9561490470654843,0.6099686762150183,-1.8482963018370195,-0.6100886081464489,0
0.8325180917632544,-0.21892566678915698,0.21413917486871106,0.3176860728646298,-0.13034437499196694,0.5596536057821494,0.24407359525457328,1
-0.01657677266441726,-0.45504915127197204,-0.277003405001005,-0.9032159398280525,0.9318533954665309,-1.6772782291506367,0.6799960344778294,2
0.2746668849748085,-0.15437610337167,-0.18436733306320238,0.4435881216931185,-0.7004638962179289,0.7137502007724763,0.49248522204873707,1
-1.663855590696833,-1.0007273963701049,1.2123571374180793,0.9965474920049555,-0.4504671048710072,2.2325468874456913,-0.5744379109970924,1
-0.5726528955669598,-0.1521663399906365,-0.3727622777089283,-0.8096570129237539,0.663005961037227,-1.4958945351987647,-1.0193216280353776,0
0.018244011965785623,1.8236541880032993,-1.3216172020196209,-0.24255798852968466,-0.8146268496189031,-0.8013133229237944,-0.5606629665265861,0
-1.6684963437840699,-0.500355392270914,1.5407857378824192,0.6846575845855449,0.234427174883457,1.7720011385864374,-0.40645750092733623,1
2.9968066900660633,0.17118528827688934,1.6791420413027498,0.7470780275257282,0.8222617198790817,1.5660495083114196,-1.1252076828069963,2
-0.03925260647456674,0.4345275811324772,0.3516226915402323,0.2713834944990819,-0.05547730872249912,0.5824648287196201,1.3738433704034616,1
0.9886732438762511,0.3909763295185929,-1.7343120872016506,-0.2421135888712457,-1.0539709560288337,-0.9899681877785078,0.8144269227400285,2
-1.5319637345414945,-1.77713437363464,-1.529119942734241,-0.5363755039560144,-0.7942050692754193,-1.262138966563866,0.92918666184299,2
0.9164872914832434,-0.5074070873648749,-1.7777072307006028,-0.6378701284870147,-0.5865806787841003,-1.6981167390756324,0.06993685130532816,2
-0.5956903990175418,0.9927525610669657,-0.6795913105936773,0.3997207249086169,-1.170146760194647,0.5636481745333868,0.2791056415222455,1
-0.7270136203399988,1.607341997279444,-1.1981068143650904,0.005513329162888077,-1.1184153215482115,-0.2702569798416785,-0.6604360468730741,1
-0.9547183827528838,0.7714061991999157,0.8398963894863696,-0.0092771375492171,0.6183068630178992,0.2913938983104922,-0.5694355965112137,0
1.7953080986077072,0.47218846814395304,1.1960538934045255,0.7889380311300521,0.21276927247758393,1.5965219017319119,-0.20345206915312306,2
-0.5025520202391125,-0.9114338776798555,-2.2381585781932247,-0.3486790275789549,-1.5229930139170587,-1.2063318314908926,-1.7696726911153116,2
-0.06584054842440379,1.171325809837656,-0.5886327106758982,0.46769425367514406,-1.1179085302671674,0.6692425546497177,1.415774023641979,1
0.6940682400531915,0.002451802324749834,-1.0387551783167983,-0.25518079901192015,-0.4764281578905176,-0.7959759191960718,0.512508418659208,0
1.8331819369092988,1.0076355170744271,-0.49838890257828816,-0.014541958335778538,-0.1914927586674765,-0.3049188485623662,1.0763633296922825,0
-1.3821030710266025,-0.980817624831436,0.04192584436945419,-0.34845428100621556,0.3245775201328289,-0.5006497282375917,1.4901232015640349,0
-0.2355842656003862,-0.13034564918348227,0.9831187482563822,-0.14811333408063324,1.0057112580857628,0.030621939905813966,1.00566802178256,0
0.38879446100502846,1.5750276469514413,-1.4964676660314464,-0.49368983598623484,-0.595016159215082,-1.3236278100757097,1.2331629987770651,2
-0.43785361450596344,-0.30968140611468803,-0.022303280806924522,-0.6034436794423239,0.7115491824464785,-1.0425292978262322,-1.6796749316682784,0
-1.1592762437290147,-1.8110736751187577,-0.4926731163850486,0.254721796028646,-0.8886648073138873,0.4018815488279753,1.1947261229590025,1
0.12049558545675154,-1.0526787305556524,-0.3247367918160162,-0.9278574873065331,0.9391105549581097,-1.744759182271196,1.4058612312310692,0
1.1386648193782414,-0.842243255891205,-1.1319874515556336,-0.14133344520144597,-0.651372680219035,-0.6541376330593931,0.010805091518881935,0
0.8630007061017012,0.16736719292777227,-0.7964896434496639,-0.290503212170997,-0.20334456880312152,-0.8036326384735821,0.05969979415913641,0
0.011482799336425265,-0.5029408033160206,0.5821219610366738,0.15435098697997976,0.2995192349763469,0.43568131011377387,-0.9597952471878252,1
1.088087141134375,-0.008061041207597089,-0.28192452042427507,0.3984733006179627,-0.629528277798404,0.5445183349771808,0.3331203926006918,1
-0.36369575025114353,1.8374441035025508,-0.9575746553415582,-0.23640333362178878,-0.556061478271229,-0.6594027416481815,0.17093157106923806,0
-0.1443648859889055,0.41544954792746847,-0.10597008885054596,0.2499909588140102,-0.4318158736505991,0.42445129990891606,1.165189749380262,2
-2.178560277100818,-1.2005954570085042,0.15469805610047557,0.337973126876393,-0.5627159799376775,0.8083082623052564,0.9495268448308264,2
-0.2384089974390881,1.5638884804352986,-1.1450135717410619,0.4174677462624256,-1.5493814099640972,0.4376020382769385,-1.1852086481512891,1
-1.5193271712246754,0.23829410157622768,0.6842930171085099,-0.5500046109143327,1.1195030411090277,-0.6676300661184081,1.5117555938216791,2
-1.7989778082565069,0.5872825392448161,1.7924912799678951,0.9121994214107721,0.13950045246316134,2.2557316447154223,-0.4977057322721554,1
-0.3440985267173425,-1.259792567069058,-2.8972561150986267,-0.6863330101605133,-1.6307231049001993,-2.0014186642937877,-0.36058850395269243,2
-1.2660103635587987,-0.7313511119346313,1.7153944261980048,0.9506831937735857,0.08649083298583282,2.2617705436120845,0.34635733756910947,1
-0.9213536454607236,-0.2818435566641511,-1.7748991118481883,-0.39356070570707957,-1.11768994923893,-1.1243030861240118,0.7272791928914445,0
-1.3745685667493823,-1.9747434557306758,0.1826131989775349,0.7555099677539472,-0.9852661269875866,1.4949929147636443,-0.6645874120325892,1
1.3573858894547952,2.63156525512069,-2.4576080644229843,-0.9814541908109067,-0.6711116436390236,-2.5310507478222535,-1.018480782804751,1
0.7226369539268933,0.1444521535420342,-0.3770055764499357,0.5258544580956088,-0.9191551725415017,0.7715245979647438,0.6327663781471488,1
-1.0275586181047176,0.02136225143451662,0.34659928758407166,-0.4758576934648923,0.7923453395858792,-0.6681908810533693,-0.09484711228824273,0
-0.4116851796261652,0.19057841501125541,0.07125189908726988,-0.6506999711671245,0.8559756147019337,-1.1020964082667766,0.9736256238183633,0
-0.07661580150070268,-0.07540404275467193,-0.6130092571618002,0.14558772320354538,-0.7224734007692116,0.0922891981752243,-0.9235491215037607,1
0.5121653219544133,0.35728983490979327,-2.111153244283866,-0.27461791667247315,-1.390596614978139,-1.1167851904056212,0.5905399300470321,0
-1.0602525659463442,1.5664511162869617,-0.5388837828854379,-0.1298185446523658,-0.4180285640028685,-0.30021387727400484,1.114776198510969,1
-0.7974645002576515,1.3236709954169297,-0.41941257619504185,0.39531522597615826,-0.9655399025800849,0.6440423092743149,-1.1822560960535813,1
-1.0195697465985087,0.20548801367653316,0.3877936354366964,-0.3441683751145516,0.6578287940718303,-0.4238413435851349,0.02024134621213751,0
-1.3590944772022808,0.7009618023036126,0.07071606341557682,0.2870166919534095,-0.47187473461589313,0.6320616732588078,0.7334526619514152,1
-0.6679172454116744,0.1928213245036254,-0.2779735213182736,0.05023265158710507,-0.381838182784834,0.062094204673220466,-0.05842580813455869,2
1.774780774556869,1.2201303489847966,-0.9474030021568394,0.03320216469871437,-0.6446054146003048,-0.3415403299321665,-0.9751996162494104,0
0.552410607691243,-0.926089575462894,-0.9880624652803484,-0.21155477694304717,-0.5063042119667001,-0.6936663573945612,-1.4828691422133913,0
1.227384816477941,1.1844331612522767,-0.7717317707823562,0.8471830902905345,-1.6140385414251206,1.1921513845896843,-0.7486544746600998,1
1.0333111557136148,1.538458177494736,-0.7205310494518097,-0.16075595260607137,-0.2864395253566322,-0.5653565049017673,1.3986316544189137,0
0.6385080026963632,0.04892505779859319,0.06904541088363186,0.4822127365693003,-0.49071020594042003,0.825443914494947,1.7698436795724228,1
0.582878272359397,0.7524444382378102,-4.002598798078377,-0.8133796427098788,-2.302781753336631,-2.6066502368334747,-0.8327159737836062,1
0.11703145947057458,0.5364979896483764,0.42463497019454594,-0.5154549134942097,1.045490637249451,-0.8037096438517897,-1.4797272196839255,0
-1.1183959889137656,-0.10311232357780191,0.22712464602528937,0.5775694464361855,-0.6862705071162967,1.172534020135013,-0.0866068134371712,1
0.9798785509480257,-0.02317680878003782,0.19545763793756407,-0.28601011485780997,0.6536653844054888,-0.5268814810982247,0.5405906866835778,2
-1.737667097716674,-1.6430152199927328,-0.9782949997634743,0.5973829551128645,-1.8167740181709533,0.9173715781208197,-1.1500654415431457,1
-0.9412488357130989,-0.1697021632513363,0.7940585416310442,0.20476891756870422,0.3031772102989476,0.6569433969472462,0.3469621186671556,2
-0.9759966535403062,-1.2600946158722934,-0.05385418574782971,0.0919616251466309,-0.28044364542451805,0.22226603775361053,-0.23352357738900806,1
0.11416461296428304,-0.7636123364989207,-2.0018437434486653,-0.2793585073746823,-1.3378377419524168,-1.0642744687653691,0.7926833666487395,0
-1.1875502206736654,0.6608584597430579,-0.2076169275311763,-0.3661289173372733,0.15684672418223766,-0.6166545496972266,-1.1595485252403375,0
0.184089454355704,-0.31681034874031017,-1.5365405877925495,-0.34072789490667726,-0.8517598070701407,-1.04812213068069,-1.0815629183421183,0
-0.9839724585267231,1.1862646981867633,-1.5720356032816376,-0.19143906963768045,-1.2134631608236766,-0.7044728235844759,-0.8306246308371246,2
0.2763189618084515,1.3616985720931876,0.12395823381986419,0.5133694587506968,-0.5268236077238038,0.9236289018120095,-0.0009022510130899999,1
-1.4151743651322337,2.1924981418758813,-0.22110241994218213,-0.5223057740619923,0.32091674467924863,-0.8799243341046299,-0.9478959312850278,0
1.172685844186321,-1.2079382098568643,-1.8744936239422316,-0.20938003050786483,-1.1946863894590576,-0.9852042487608017,0.778307650026683,2
-0.6139692647369073,-2.662837719358723,-2.431392670631925,-0.2824350324186581,-1.7874099776998988,-1.1345196171393845,-0.5751839549297293,1
1.6817238670202317,-0.03624031892285278,-0.4638496864100919,0.5969419106648283,-0.9725084180295374,0.8001716310845912,-0.15059625978085472,1
-3.230011216728399,-1.9791072145538304,-0.5268461342144929,-0.37039295652724863,-0.3518001020481853,-0.558017327297829,-0.5545397495600883,2
0.6854821012004104,1.1316430095019763,-0.032402722646216645,0.23106727349205597,-0.2464236936665426,0.34829854916136677,-0.33452928276098054,1
0.6717346919985312,1.3350784938225988,1.714252238283276,0.5958139927545025,0.7741379730117119,1.4848414291204084,-0.6077980983332827,2
-0.04941964190609216,0.29492957809465836,-1.4628348101581499,-0.2602873900601061,-0.9204984706027834,-0.8671189518702702,-0.8431744292575204,1
0.20800034163416137,0.6121219454439579,1.4185117215940368,0.30893884582070297,0.8381965500471767,0.9288700600311397,0.0693376220229805,2
3.2280091591448192,0.8057678707296333,3.1301656937698485,1.7393486954030501,0.805168767211369,3.713493854623736,-2.1245154319132267,2
1.6206669827520959,-1.3082776482697078,-3.4114680297320064,-0.396910303076972,-2.214289902033597,-1.7819963232197302,1.1922878670093224,2
-0.7177163347407325,0.6669951952339006,-0.4772673673742941,0.5606548220175992,-1.2199950886765092,0.9148450772548395,1.818242281996663,1
-0.5179396636233259,0.10392167283884121,0.6270691629345958,0.2120401788197873,0.2007525601582033,0.5908437466790114,1.2910098044204998,1
0.7879579349824146,0.12210875651344359,1.8065252809044776,0.7182982278948393,0.7080425615276974,1.718930087658101,0.8636812718383401,2
0.6469685289535199,-0.1871505900611239,-0.9278059506427383,-0.22037505075296818,-0.4321395773245959,-0.6996342257725781,2.024005358146364,1
2.456123423163238,0.4285816866803777,-0.9612356756170415,0.8769230881893436,-1.6698518421919082,1.0982314011397998,-0.12165447514236823,1
-0.07966377134053015,-0.4283535359597327,-1.1927790311883268,-1.5077410548384964,0.9242540239197843,-3.0003894431864833,0.7488204273091428,0
2.1433239399939445,0.238167379544556,-0.5507087620360182,0.6868384078310185,-1.1089427845207958,0.9000449045104417,1.2876682592297126,1
-1.6532776533114881,1.0599458240947723,2.376944446620103,0.6872838661964742,0.9485195736080767,2.0095740802773348,1.2003515722389568,0
-0.021720454093948738,0.42398523650138287,0.317746694911422,-0.42380675079873725,0.8188227186245329,-0.6606134435445962,-0.09148755964892427,0
2.743215596505367,-1.1408517647927068,2.2224705452966678,1.488117457266092,0.2967387121619411,3.0509945915462895,1.4979587965539662,2
0.3129764882703027,-1.1994462590886885,0.36550661762903514,0.2252173158711264,0.05780498833567582,0.47769258635155387,-1.2835069482148986,1
0.5719690708282548,-0.13359542191158907,-2.695316005601458,-0.013405005554637353,-2.2221804493341555,-0.8218593877275637,-1.8575480786124328,2
-0.5674394226666446,-1.392323797681348,1.1001241751405217,0.5859046687729232,0.11515140331433027,1.3897358825836332,-1.0088587844657362,1
-0.7954525123380922,-0.7546637344211569,0.6830619851297106,0.047678759726883395,0.42901713797190455,0.33631609734997236,0.0933655277615134,1
-2.316683096474523,1.2436021839301252,-0.5356587386177865,0.345823492969234,-1.1800903986921953,0.6394827774300549,0.10589548938435975,2
-2.18931243330196,-0.22882695232492792,-0.7252206086475141,-0.2925654912029991,-0.4997271242536489,-0.554861300704,-0.5279458379549585,2
0.31228091943873637,0.4075239541439881,0.28860180492140386,0.015620879597084705,0.2636127403760453,0.08469638912045063,2.5910564867005803,1
-0.8479443639676199,0.7958049803704556,-0.22084420538996688,0.2962773183116787,-0.6731416510541101,0.5279252209425385,-0.4284746616050956,1
-0.9060652696835705,-1.076409203342436,-1.0222170996816884,-0.9974421924915634,0.31122152693664734,-1.9851696403123542,-0.8837072577029315,0
-1.0242492800722973,-1.0315185026313634,1.9293611471681664,0.39472329730538785,1.0188851322732184,1.3177887935967234,0.0541818637290569,0
0.21052682223220698,-0.8965942972445956,-1.007129814612162,0.15614008248093494,-1.0396248104797752,-0.021207388732453314,-0.37292060786066467,1
0.03353075132213912,-0.8390721352993209,1.5751118443981131,0.5817215287769946,0.5980272049966331,1.4695184334927944,0.5286861260513279,2
-0.6446893511841834,-0.448415411971385,0.06662231563965679,-0.6191404331356667,0.7836142283137586,-1.0297050955143063,2.3121421457340063,0
-0.8944477187871211,0.28487005830991474,-1.807721733883646,0.4619050367938096,-2.2516152364800632,0.38081516442315766,-0.5578188333706793,2
-0.24138694585170628,0.9172916640318811,-1.4690925950242106,0.10129458787124629,-1.4172457552043043,-0.21332762232125296,0.506880254967564,2
-4.073770616054959,-0.913606424238239,1.0001076178534059,-1.0967545335999562,1.7972865490363221,-1.3538056960651563,1.8819617831290325,2
0.17218226816601612,0.2195774492667065,0.37040074534793466,-0.713660185634771,1.2625235984200147,-1.1744214253150658,-0.4171235798768307,0
-1.266091515411739,0.33268162245817784,-0.65465568261512,0.39657027158949865,-1.2238012841820767,0.6161046447902889,0.10749951983659757,1
1.1786603036564083,-0.3687202601235412,-0.03454227508494519,0.4345052861512973,-0.45381064572248087,0.6707413938927793,-1.1349233427420256,1
0.23426174154453483,1.320104593962684,0.034488792339531865,-0.777441404014621,1.065010530785872,-1.3862412651645513,1.6624469612328927,0
0.5909332394428142,-1.5466065723023426,-1.596912647000202,-0.17725602481839803,-1.0673633770570117,-0.806247515389244,1.1349423833330705,0
1.9745754588667563,-1.395882661487098,-0.2611212298114575,-0.08798082783012501,0.12347764719156273,-0.3794405482255978,-1.338546279712914,0
0.289624804148883,0.5981581445717499,-0.34082158998662926,0.4558977177511811,-0.8485727662409208,0.6906320413975232,-0.36955059492552067,1
0.03404385320560033,0.5808770937209153,-1.5709459423203245,-0.1391392197778206,-1.160243118749943,-0.6889995922754224,-0.395091975978365,0
0.5751651296876346,-1.178873460524922,1.0505713347361558,0.7645342780924875,-0.024049608037415182,1.6054688314134395,-0.15626511997777748,1
1.4278551639054347,-0.38296829783961117,-0.23744638254128764,-0.09082789786976059,0.08294035369878194,-0.3362192555728782,-1.6034926246743149,0
1.9939798558160045,0.02365542090613511,-1.1588067290268227,0.20392565151360081,-1.0210188856712052,-0.11480040821408288,1.0499308259675875,2
-1.2918939037324106,0.25121755832238735,-1.4438253623811763,-0.24239253981592757,-1.0739911700513478,-0.7354463922617658,0.3345078921769769,2
-1.8440391590245713,-1.0835099403298105,0.6332590255111924,0.8578492677709062,-0.7875903081803244,1.838306270733647,-1.1889587225301126,1
0.11184105829668578,0.5550078933050208,-1.1634179760679337,0.28218446238671185,-1.3484401966322106,0.16597708985690773,0.7305596986809818,2
2.455954320208381,0.9422873992241939,1.827864576953435,1.3189315700445767,0.14442206751922038,2.6625157970457023,-0.8101900803012071,0
1.8883390561609699,-2.0766809039340766,-0.5248687187213217,0.7176669196383479,-1.1568692060612435,0.9813443305824547,-0.8116334466503206,1
-0.6939478376919243,-0.6705760688621363,0.17941833911595365,-0.45902646154547516,0.6667823695251484,-0.7105668678260862,0.13444524212659392,0
-2.435368096556494,0.28358045314468006,-0.02147595792628271,0.40759164137431797,-0.834055798214863,0.9019513210551691,-0.13991975358094472,2
-1.863711511448549,0.22116163424991334,1.3743284504321176,0.9875448273202451,-0.32373399567317124,2.277153732057976,1.657656695552991,1
0.9504103788817433,0.40410418227185985,-1.4597269899317815,-0.16857525420875735,-0.9187894314415226,-0.7798353597047067,1.6887303761763,0
-0.06200956541663827,-1.4498240971990137,-1.5008783010384714,0.021259773734479404,-1.3195374518398961,-0.37775358686983423,0.8474041049124146,2
-0.6338778610826808,0.15429782326545,-1.1268238218282374,-0.8944550926509138,0.12028233277591305,-1.8526345719020116,-0.6375226260849587,2
3.6718035971860186,0.9256099394388888,2.494020530625833,1.4042885326130383,0.7473814619358025,2.9076974245628726,-1.7505678801774038,2
-0.3170011898197172,0.38536270824373486,-0.49597853945764875,-0.8176624882935553,0.5980755979832821,-1.564049568909242,-0.09118219181100787,0
-1.138966061926908,-0.06705689022349727,1.2815108051869923,0.938326855800865,-0.25388267823061544,2.108729432269442,-0.32858576718216576,1
1.3317645297069989,0.5622086700009139,0.030669555473020773,0.2672285634008784,-0.1630792117959453,0.3808296167635191,-0.48126144782329416,1
-0.8348612625230194,-0.7983252430866411,-1.5988891962312144,-0.24706101486418125,-1.1467517837512038,-0.8219398560632365,-0.7677432672713094,0
-0.9085208115375747,1.3763918631071563,-0.6407167598609582,0.103317733747916,-0.7895250603325299,0.07296798631730639,1.4821088878786062,2
0.061474736202971725,0.061990836062102074,-0.9087388420184009,-0.31812965145761324,-0.3581588192764086,-0.8229780657121215,0.20823476767338409,0
1.009072485999814,0.09631959068679466,-1.2398867071543058,-0.006089459010773853,-0.9343420165887988,-0.4347462918881323,-0.5514540417799791,2
-0.029056815566166683,-0.9166003186529107,-1.7967524083100967,-0.1764336775449712,-1.3126158163518846,-0.813512864275933,-0.4681788060897264,2
0.6751097649077831,-0.6816520991628898,-1.936936060551927,-0.0834440782890658,-1.4700889328748539,-0.7415595282796541,0.8622387615102837,2
1.3903671389867023,-0.6263069845297426,-0.5152222567367638,0.5286119918520155,-0.9622681478810877,0.6868628403257497,-0.959331088049614,1
-2.1840702758559383,-1.67086593186012,2.040100992380837,1.5078592200484873,-0.46618573959209336,3.4102152421835523,-0.5762505581610581,1
-1.2769126137476896,0.2314962213281757,0.6300138158126266,0.36171150037281286,-0.08028749584989436,0.9147742245987944,1.0279757447005649,1
-0.042839482622354486,-0.27092501887013554,-0.7606558837513419,-1.1033201854869956,0.7741880823992292,-2.1653679444793914,-0.4347997499735344,0
1.7823608357962588,1.3970280497155034,-0.8736556479878792,-0.110910393363864,-0.39376391720873793,-0.5769193382226102,0.8536293958704642,0
-3.4998748514928923,-0.8661642006219813,3.638262090682521,1.908616218476376,0.22699747686236782,4.668187853879438,0.3943316318544121,1
0.056395890434828844,0.6727401433842504,0.8429129218401445,-0.07434728633898945,0.8245176213661976,0.09988801448225948,-0.5547970440294295,0
-0.916172889647017,0.3474953317836155,0.35186683280571407,-0.3754431817342088,0.6798184370831676,-0.49721005823600767,-0.9311455040192179,0
-0.76600275054437,0.7385699279430006,-2.0060278455331777,-0.10134828389431533,-1.6760138279676946,-0.6828768914093699,0.10742052695485253,1
-1.2964702686228038,2.509587094009887,-1.1027007332953114,0.2197976939978852,-1.3817209147756349,0.17965302836169206,0.06283069391437436,1
-2.3348787108445306,-1.1532657335722247,-0.22510837409794013,-0.7576498403374433,0.5140917104615249,-1.2281568298763548,1.5386845789467007,2
0.7326342950210392,-0.5195461027517939,-0.5148402012043367,0.5385201527656821,-1.05237355083684,0.7546278944288306,-0.5294601973041186,1
-2.614758157349213,-0.8073054512178777,0.37344166068508045,-0.2327350376000154,0.31291269984895154,-0.10884239316462685,-1.152375373250184,2
-0.5787302508091403,-0.16432876529476872,-0.7264338502364763,-0.9596704860234276,0.5540411782006327,-1.8603459793594659,-0.06452271744376507,0
0.9401086716702767,0.7082994857695403,-2.024411916327192,-0.5836239808313398,-0.8652820773883164,-1.6728250793936297,-1.3984587156412829,1
0.509710163136132,-0.06387061721941013,-0.8277657044870572,-0.17924209436428737,-0.4160261987546407,-0.588264312556314,1.567804659886567,0
-1.930852146996515,0.5002806076059475,-1.2933099937151724,0.08426976191578357,-1.4440091066740408,-0.06561988556058096,0.9440008688760622,2
-2.6604101597334378,-0.09916541794651665,0.3935003612406725,-0.9536509803910337,1.2592744162353564,-1.3776097697996093,-0.3053249757034613,2
1.103004697643607,0.13289913237033044,-0.4927219520246866,0.3430105298887236,-0.7362979670791309,0.3860603322640167,0.9607682304681523,1
0.34291879492324656,-0.2272528309771405,-0.1355851947999914,0.512539547024817,-0.7400450987879817,0.8444279649781569,-0.2412767791615136,1
-1.6222406378001768,0.2795176084777077,-0.34256008002673816,-0.8882645068015497,0.6669502262932585,-1.5468348491379698,-2.4873473554439562,2
0.0671609344954297,-0.9402271177381863,-0.17435347965782558,0.3103175517677149,-0.5436018052015333,0.4961291619299049,1.3980863569110695,1
-0.5892885461295829,1.5166169441781208,-0.5956951318468182,-0.8057989014268713,0.4652248370889236,-1.5501973138059557,0.35850117467564385,0
-3.700018618388099,-1.3511716385849903,-0.6946015492768446,-0.8869868912133462,0.11886792561219794,-1.4848704577292535,0.43616149070077515,2
-1.4229710858672784,-0.3831556386714491,0.2031033007905357,-0.35081528793675665,0.4607756412525146,-0.4566015586786891,-0.17032421675147572,0
1.082828840083317,0.468452282017252,-1.018562509784918,-0.1946457253471876,-0.4917615194157564,-0.7126311226113373,0.7964635992194232,0
0.007374295297614686,-0.5596097888580391,-1.4367213261008935,-0.15775086916881548,-1.0243731947904737,-0.6823831705987725,-0.6639325010679833,0
0.4647641190370429,-0.9198991721322538,-0.1494319703551487,0.43139053474847294,-0.6323243425197572,0.6874307636928154,-1.4544800998305727,1
1.3845633965028452,0.03546403131444102,-0.7816976241602939,0.674705383975024,-1.3804316568642192,0.8716648131875648,-0.14986141963779953,1
-0.2972510485924578,-0.3637564669017821,-0.6942359706469218,-0.9616631746954661,0.6173878613128252,-1.876303053095237,-0.48812840835655624,0
-0.6078094498863054,1.7106962835162924,-1.1706486441175095,-0.2105111632920231,-0.8008022695743268,-0.6545635467851894,-0.909099447794064,0
0.6388035775939994,0.937920442358631,-0.6045554613843684,-0.1917647002045661,-0.1935094231711778,-0.5578073349322313,-0.8615786942773281,0
-0.8733788128919411,0.33482301949412496,-0.8836890917463505,-0.36257060097088084,-0.3893831008288291,-0.8235374408788894,0.05395948653362458,0
0.09752833689557472,-1.0199751178087184,-0.9399690531253017,0.7266476037707481,-1.735060855677664,1.0174534077849342,0.9123934131861996,1
1.0052028089195855,0.3959973100754971,0.34909454235988213,0.2113358227236421,0.1434095170049997,0.39576995653575126,0.270399132004349,1
-1.9079287184652889,0.16567096488600286,0.4584196879441553,-0.19258769809273898,0.4169820427442803,-0.0677249760758667,1.068345544056163,2
0.30761669580398054,-0.8173587976902352,-0.24265314300849508,-0.21209431337070495,0.10354453129876762,-0.4673061191403014,-0.6133841323832215,0
1.8294213658294265,-0.6835825234575996,-0.7845240686418282,0.8912360297942538,-1.6110794873759824,1.2208029660218518,1.1442210764417862,1
-0.4578272486550645,1.6341307508695435,-0.42764511479712614,-0.8740173298574808,0.7130097906307789,-1.6340860475522514,-1.0897682715922763,0
-3.0244067620082493,0.8804883364195809,0.886946895242067,1.1685410580882574,-1.1124609037355702,2.549942428276964,-0.3439602369092108,1
-0.801152693197821,-0.23645249061076362,0.6176249063007028,0.06442460253656324,0.3506256046928635,0.3481144344989947,0.7706929928184224,1
0.3165697210000976,-1.3498042022542256,-1.1849143760450471,-0.15291151097726288,-0.7786417182550038,-0.6268630313934836,-1.537043519794286,0
0.04429493576507193,-0.3976711926523747,-0.05247097298567691,-0.9839115140484188,1.2358320693945473,-1.7620951028600396,-0.6665454119330586,0
-0.7756164544498652,0.25493979975524345,-1.7233826232098979,-0.38490404493893193,-1.0676256989125412,-1.1056369245295459,1.4752161389548368,0
2.301131919483659,-1.491625663677645,-0.3449926093615908,0.6184339449595496,-0.8255687856597208,0.8243641274978465,-0.3976130562043603,1
-0.024235685291766673,-0.36757708237058223,-0.1867662797480491,-0.8390329002551842,0.9249821800496097,-1.537665980138767,-0.5751709070574766,0
0.45424587457861,1.1843783167559006,-1.0943262110797105,-0.16378053351905003,-0.6707727295663625,-0.6312553198268152,-0.23570866972937365,0
-0.32392979597183685,0.5147724578534705,-0.0702997687482,0.24523646304369953,-0.4163025029533563,0.43968571007452006,-0.2924574563341845,1
-1.7198844602962373,-0.0007105205681089185,-0.4961093780856143,0.5038603475356089,-1.2807138682228438,0.8852281938501755,1.458378010747975,1
1.7442097871196112,-0.47071676661946876,-1.2054582301961638,0.08330255531632419,-0.9340403994439647,-0.32264724549363305,-0.033970836661480874,2
1.0731502343522892,1.8338660133647333,-0.36183335816219725,0.5299620465510242,-0.8701462643832147,0.7563564627346295,0.8122281491127555,1
-1.3696357952017038,-1.0582331997926244,-0.30802836244814813,-0.6409860126852449,0.40573935112298587,-1.1180937175054089,-1.676369596570362,2
-0.2994904514275024,-0.15441911767196445,-1.798186460027532,0.14607074114857402,-1.763831151058226,-0.2216618108129414,-2.6355333175403084,2
-0.7311229709884213,-0.8760309772083081,0.5393072385686156,0.07377052492456934,0.27973541331491747,0.3374223375995354,-1.0767319449506263,1
1.0436753767053204,-0.5534915614844464,-1.0449061732141434,-0.11358056580178698,-0.6240196542182314,-0.5733317101477511,-2.5439208222645973,0
-1.5821581211001596,0.44091791560694865,0.027707404221971425,-0.6639329604446876,0.6977873036791972,-1.0485949389161477,0.09474657319501353,2
-2.7242638995984807,-0.678155899721493,2.6608496406259463,1.5960958234294995,-0.11297234861338823,3.7815364969414986,-1.7514144230696902,1
-0.8062225709666899,0.9124100162642335,-1.3694251517202671,-0.18279548194561435,-1.0302782796941805,-0.6459703328925673,1.178093154357234,2
-0.918901470940185,-0.29201139647396407,0.20306750271089777,-0.42653079439647595,0.6183619837414737,-0.6292129389269256,-0.24429797299351536,0
-1.614806742254023,1.391076320774839,-0.15671456411285983,-1.0435550833389637,1.028214710590843,-1.7706352199627557,1.3353697956058195,2
1.796408710644746,-1.1219488756639004,1.788245992746871,0.7841182213279995,0.7260283839103405,1.7536747959411934,1.5390192710797916,2
1.071254424953239,-0.1265386744668831,-0.7348673016898581,0.7652290190280315,-1.494659008185024,1.0690951052318085,0.013779490277110906,1
-0.4981301704833071,0.641372561145525,0.7246198198549488,-0.2949817560167898,0.9438777587704261,-0.28207821903780167,0.4053934712842618,0
-0.5471497543840838,0.34241485920501497,0.43301615217131795,-0.37195943837265005,0.7882919991005062,-0.49642393743963825,1.572838230454503,0
1.9245720872050494,0.41615301410816286,-1.4683616778433521,-0.12240444103178151,-0.8711205086822897,-0.7746082874497022,-0.9753755222083693,0
0.2419892558735815,-0.7625237718022709,0.7602851808636346,0.01134992449450069,0.6645904731380756,0.214524075662417,0.9348108108692885,1
0.49181481565127855,-1.081220619269348,1.3437185840172898,0.39140949736585756,0.7007445805353136,1.0324992397117794,0.8249222370799276,2
2.100184693303949,0.7993352288659054,2.3676013717122357,1.2240686490681663,0.6874150190417134,2.672558826555896,-1.3184380680968841,2
-0.49331158890192944,-0.5569856136659045,-0.07865435111746352,-0.6773063236061151,0.7525278196314161,-1.1850057479134308,-0.23457134382299086,0
0.07325859755970798,0.8009279732757308,-2.043451503789754,-0.29289517000134213,-1.3607282649317594,-1.0968011322896387,0.6037578943103001,0
2.997555223188929,-0.5288081032740128,-0.49543687108755163,0.7370338013084748,-1.0259382992294677,0.9394303001055581,-0.7926159328001783,1
1.334833284726789,0.4910911061445321,0.9664207215926228,0.33382180290010993,0.5518999273021021,0.7605928053095153,1.4642188423327618,2
1.1039430350120774,0.2672888684008675,1.0771519308100612,0.23103701152806183,0.7526905585635352,0.6269855008232197,-1.1145750222859012,2
-1.359832703452534,1.0468631734790166,1.266680039008355,0.0998380604594385,0.7943655949878725,0.6351362086792265,0.7435562511071774,0
0.006263809742467097,-0.5726154599941569,1.4119484939632734,0.09647436557860693,1.0842152844549067,0.565793780264032,-0.9211370912897184,2
2.981218025108454,-1.6195513534290815,1.4282519070736042,0.7867402384016576,0.5542587789444413,1.5673051039624897,-1.2681325963927503,2
0.48043233023513576,0.6246408910758307,2.0188976515141976,0.6714144878193896,0.9143230937255545,1.7187007763695186,1.020611157960861,2
-1.0461250649514537,-1.803331468378411,0.241627588406609,0.28278604350025216,-0.2831815763365746,0.648571215647159,0.1782376598751241,1
-0.5826174103797227,1.1339018685306936,-0.7272653119098049,-0.0750901061193522,-0.5938775230882511,-0.29231955242005603,-0.5199583079549646,2
1.03598676393201,0.08539658652937572,-0.2558503087129168,0.6311839747770577,-0.9150366524369103,0.9682771408082483,1.4985751520769803,1
-1.2762331251277719,1.5192322728748466,0.2758449616973497,0.5694796308389574,-0.6527002341864014,1.183854796006282,0.8533633973404977,1
-0.8884096936981528,0.2624262713959358,-0.6002038861450887,-0.7409840514496849,0.34205618120208064,-1.4137897503616148,0.47248172800550564,0
1.1739608093213172,-0.16727307572400582,-0.6847514562242947,0.728920390771494,-1.3925777336327994,1.0109433212731278,-1.1096963041879941,1
-1.6521629072891404,0.2684957341418172,1.0742398834226736,0.8909414163732685,-0.4304027650081631,2.0057992902483397,1.9551937176167729,1
2.913142679039633,-1.0168360084960264,-0.264894168395351,0.5641361472763932,-0.6144247342731981,0.7039285359309325,-0.1758180504181636,1
-0.831616607676033,-0.4097788045406527,0.49015927230566453,-0.2917724914005334,0.6996943007583649,-0.3166256709953092,0.0654513297738741,0
-0.0678044914147341,0.26867571872023094,0.24696975015584213,0.3111585028801015,-0.1999853643594275,0.6258457798833289,1.4153716365333708,1
-1.2260447961725944,0.6298308700903872,1.5899050737016964,0.5421640214344745,0.5133882052544652,1.4994760018126212,-0.14951216641348142,1
1.9843744996287116,-0.3615613983288296,1.7765079928054843,0.5184333925927477,1.0825815946416428,1.2651329522902257,-1.1017420801765703,2
-0.18574310421870932,0.30849921878106246,-1.9487787384202526,0.05663029033556206,-1.7633627988156193,-0.43102018719055524,0.3581337203310138,1
0.5244735523355806,-0.36244096220678396,0.1381201728850342,0.32358656501865635,-0.23939900765662087,0.5722933529268419,1.2714650746529246,1
1.870470946489167,0.3915905774119693,1.578773704272948,0.7254088819004296,0.6315785566768516,1.5853283723997789,0.5579556004970073,2
2.622757186584196,1.010514990938384,1.3985254495479182,0.713645272752694,0.581288357505011,1.456720607261974,1.794209650190014,2
1.075627006064236,-1.6565589675838148,-0.420033447347507,0.7298226164584577,-1.1787642717329991,1.094138003709025,0.2551674673131981,1
0.2152989249166838,-0.977020261420826,-1.3843535212117573,0.06447339779345454,-1.243108339702796,-0.28965581346515423,0.4781630394097075,1
0.028160574897320823,1.1466721236682187,0.41993854279116116,0.13040377628390587,0.19371186614868063,0.3465613110142395,0.6111769444914544,1
0.45405201236198844,-0.2362542995926519,-2.803683010796722,-0.24658850707075544,-2.0265524776773285,-1.2565444389149327,0.3664666448784488,0
2.158287373769472,-0.8545450297137295,0.048065495739103396,0.45294782738812484,-0.2914526747497472,0.6519451440922786,0.7654634624444719,1
-2.8625454949802807,-0.35815681241836334,1.7099914022245397,0.5695786021134822,0.38758982990066415,1.7063290577805688,0.4541052278287552,2
3.2420410294123005,1.8141763457511122,2.2829944411687304,1.445453149261224,0.46269514279745977,2.954320802952135,-0.7424189403851565,2
0.04000600878742888,-0.3985502761814601,0.23988075825614855,0.30985204696908486,-0.19164187809408295,0.6133342570388457,-1.7969926820496374,1
0.814886793841727,-0.04015416346711844,1.3018107192670108,0.2517377509115998,0.8840513441850969,0.7485858739520979,-0.8203673557689488,2
1.35203428385406,0.6617851298805516,0.7742467354097589,0.35310575837197666,0.36444031589539244,0.7396667160062792,0.30755039274315965,2
1.4239330048129615,-0.905235792036892,-1.6945228240159724,-0.12708155412879424,-1.1176941887367289,-0.8080804106872491,-0.5680669999558948,0
1.6524241031954245,-0.7778457004441346,-1.4258996799522115,-0.08757613223439441,-0.9120293712296961,-0.6802586136408527,-0.3363184882287654,0
1.5338013070789036,0.06629690986838291,2.1500142911541396,1.0496085309373535,0.660527429200253,2.3455453857584203,-1.1558968662557176,2
-1.2401426281693582,-0.2967963142845787,1.3374155019570813,0.1834077922881975,0.7606920752270103,0.7939536135235972,-0.12653819214225437,0
0.9233807274403749,-0.6199902957247313,-0.0049231956145021115,0.14900085155682702,-0.08845086623021525,0.19240515278145687,0.6729115845405643,1
0.4199011411561304,1.1793543766120558,-3.2453920176617683,-0.7442334430775714,-1.7635226837704345,-2.2596973879030173,-1.759344006033369,1
0.5443674906056061,1.1309527077454624,-0.10638476969919047,0.39560626890835004,-0.5396984615662044,0.6299892319567555,2.200191089028213,1
1.510194696329276,-0.5575281603035307,-1.1184097213465354,0.753188630709101,-1.7555610674328053,0.9069515402015285,-0.21916406804914443,1
-0.5343260207902922,0.34454537410912284,-0.16999442414228524,0.3836443285731108,-0.7058825867796632,0.6731363330752772,-2.004278164033048,1
-1.8614314797556522,-1.2908177957321683,-0.2255642205048505,0.04010446880859801,-0.4646387881626046,0.1497156106165095,-0.48433933927072537,2
-0.4870845748205086,0.08050731697912748,0.9609300356951379,-0.20895041067075518,1.0359191829560903,-0.06427120665316344,0.08755729271291955,0
-0.6204402146831793,0.2832907268935999,-0.6976404459406285,0.33434948961740596,-1.103769607780761,0.44460668632965245,0.9954310010998144,1
-0.8897606489041834,2.4569140892055414,-0.31470881290804903,-0.6629060435390697,0.48504508647699707,-1.1953673001619876,-2.257144635772287,0
1.3474435764335575,0.13514634523287575,-2.086544907124105,-0.14682416237561388,-1.436670667572547,-0.9469933209789545,1.8916896647036308,0
1.9914946573136285,-1.550776871471113,1.9122723635740015,1.3123567362950297,0.17040477622569516,2.7098659303407837,-0.2583097047290061,2
1.2275975018018828,-1.3489512486432775,-0.705638325858451,-0.16901436397329528,-0.24006776507759697,-0.5906234119049557,-0.5852507813728747,0
2.0828259965779212,-0.48155263592886904,2.333853746649166,1.1679485634342395,0.7292341122950865,2.564957846875134,-0.3875971793569729,2
0.6005253593939238,-0.6552941833508935,1.3540511924038228,0.2787327774594681,0.8684837857254979,0.8273868389124517,-0.62868796571334,2
0.38645297196266065,0.6132158030534602,0.6357015690256687,0.00262917942998985,0.5863010004020552,0.15318690251413192,-1.3026190922980982,2
0.9122643503154624,2.25879279950363,-0.0535875973602794,-0.17575103657589664,0.28958445021285706,-0.3960104684847648,1.4443366497384542,1
-0.23240299422039673,1.852558144170491,1.4222282303938247,-0.034905324118896665,1.2351778563801903,0.3539721805334386,1.5394814465074078,0
